raw_row_index,fold,target,failure_score
1500,1,0,0.021357970088662213
1501,1,0,0.037098679855841005
1502,1,0,0.12854135379947754
1503,1,0,0.007738859652202537
1504,1,0,0.17080052925761913
1505,1,0,0.034722499332099054
1506,1,0,0.009297336317546444
1507,1,0,0.22398530594862676
1508,1,0,0.00340541946218225
1509,1,1,0.0031196760024387506
1510,1,0,0.00025410323650871386
1511,1,0,0.00013486385677488884
1512,1,0,6.27593913359717e-05
1513,1,0,0.00012028556367477785
1514,1,0,0.000662781910634538
1515,1,0,0.00026631950427387206
1516,1,0,0.0024960916736991223
1517,1,0,3.704067529718209e-05
1518,1,0,0.010071423473958672
1519,1,0,0.00019598585971963308
1520,1,0,0.0004437182794025327
1521,1,0,0.0001510534399166974
1522,1,0,0.00042417377117175603
1523,1,0,0.00037617410094280577
1524,1,0,0.0008962769533348501
1525,1,0,0.18341030255418164
1526,1,0,0.0009060221972447491
1527,1,0,0.0006157701236136425
1528,1,0,0.0002784328300902787
1529,1,0,0.0005690558546277191
1530,1,0,0.0011382112881420585
1531,1,0,0.0003228567281760434
1532,1,0,0.00010156723439058764
1533,1,0,0.002262092981842694
1534,1,0,0.001554720279354834
1535,1,0,0.0012256740824759256
1536,1,0,0.0068360609012559385
1537,1,0,0.0003445483527534244
1538,1,0,0.00450001824365071
1539,1,0,0.003182986978055714
1540,1,0,0.0008850450383471258
1541,1,0,0.08221750569938263
1542,1,0,0.056486045002084
1543,1,0,0.002864746214822376
1544,1,0,0.12311120415272293
1545,1,0,0.001284881768235737
1546,1,0,0.009485681131941976
1547,1,0,0.05597625640226174
1548,1,0,0.008117692752001986
1549,1,0,0.0018261280158803927
1550,1,0,0.0018243163341316836
1551,1,0,0.0018394905768195104
1552,1,0,0.003820756571047008
1553,1,0,0.20050598409432333
1554,1,0,0.00032777117644831503
1555,1,0,0.007967132549595355
1556,1,0,0.006275926675982291
1557,1,0,0.0007286891081626679
1558,1,0,0.0055149527711580645
1559,1,0,0.005777932944997231
1560,1,0,0.002693229210767143
1561,1,0,0.12447262708214568
1562,1,0,0.11735054467345057
1563,1,0,0.06934528480915195
1564,1,0,0.016466741234285206
1565,1,0,0.0078052656511859685
1566,1,0,0.0038710095742684894
1567,1,0,0.00885566472986376
1568,1,0,0.02569447724495051
1569,1,0,0.007658278423633244
1570,1,0,0.014167865851574864
1571,1,0,0.005723591076074927
1572,1,0,0.13349703975019492
1573,1,0,0.014941276280602968
1574,1,0,0.2268957333790656
1575,1,0,0.02712654635117922
1576,1,0,0.01774491833973183
1577,1,0,0.030231109316866487
1578,1,0,0.018011763122480682
1579,1,0,0.02137975574788321
1580,1,0,0.0318491873783472
1581,1,0,0.0012280576838476663
1582,1,0,0.022133767966268574
1583,1,1,0.5734820352159521
1584,1,0,0.005602199226863622
1585,1,0,0.07455170129669891
1586,1,0,0.02624058656605709
1587,1,0,0.011202227722050281
1588,1,0,0.021927192622115652
1589,1,0,0.006579856320007369
1590,1,0,0.008648526852652189
1591,1,0,0.05874632964622664
1592,1,0,0.044588986301302466
1593,1,0,0.006492315642946897
1594,1,0,0.06709562285842036
1595,1,1,0.22814851951658846
1596,1,0,0.0008166104426871203
1597,1,0,0.0012297971654412487
1598,1,0,0.00019662096666717436
1599,1,0,0.00500567399711776
1600,1,0,0.0021543535016913143
1601,1,0,0.0018099787991917504
1602,1,0,0.00017467979413777842
1603,1,0,0.00014345335975868444
1604,1,0,0.00039153658892547544
1605,1,0,0.000439790175273228
1606,1,0,0.0009885872067177596
1607,1,0,0.004752929492674252
1608,1,0,9.987422724415353e-05
1609,1,0,0.0006170280016106744
1610,1,0,0.0016404823603180982
1611,1,0,0.00016878455999587826
1612,1,0,0.000870715601550588
1613,1,0,0.1437341916167084
1614,1,0,0.0003754341609893731
1615,1,0,0.01194237577506001
1616,1,0,0.0003346069747913415
1617,1,0,0.0005534596341996208
1618,1,0,0.05810210022651153
1619,1,0,0.0011401451576869906
1620,1,0,0.006420224850597944
1621,1,0,0.0006750481093268835
1622,1,0,0.000981995945455342
1623,1,0,0.0036374661466950296
1624,1,0,0.02509446899087275
1625,1,0,0.0032929565816307714
1626,1,0,0.042224749820710256
1627,1,0,0.00104233899935692
1628,1,0,0.0006519693015815832
1629,1,0,0.013595511610221838
1630,1,0,0.003406336759899384
1631,1,0,0.0007481138312022632
1632,1,0,0.0033048467056675584
1633,1,0,0.01312771220110248
1634,1,0,0.20716343304300705
1635,1,0,0.16249406482097933
1636,1,0,0.0015668198183472148
1637,1,0,0.005943307509174617
1638,1,0,0.004755964123186269
1639,1,0,0.002754453967107008
1640,1,0,0.0037438234415404273
1641,1,0,0.0014626990131914438
1642,1,0,0.0020010970296623523
1643,1,0,0.0011856177163748318
1644,1,0,0.003636352174163367
1645,1,0,0.006002462865666651
1646,1,0,0.010570361381810993
1647,1,0,0.006703834403322109
1648,1,0,0.03181524373335012
1649,1,0,0.0011489753238623861
1650,1,0,0.03927778005448413
1651,1,0,0.11913327914876425
1652,1,0,0.0038935456409775254
1653,1,0,0.4193114078749093
1654,1,0,0.7895897736443116
1655,1,0,0.0031823716924634037
1656,1,0,0.03799556332650162
1657,1,0,0.013124854994711912
1658,1,0,0.0030165021544465752
1659,1,0,0.010362210358344875
1660,1,0,0.05164945310900463
1661,1,0,0.01736416725079571
1662,1,0,0.028331180498872396
1663,1,0,0.006362267428833817
1664,1,0,0.01355265291882788
1665,1,0,0.006908814234697975
1666,1,0,0.010301887454755177
1667,1,0,0.014233321126601249
1668,1,0,0.005646937204559936
1669,1,0,0.0020124424111221386
1670,1,0,0.0015482049821164748
1671,1,0,0.028346848135752403
1672,1,0,0.21141892554885414
1673,1,0,0.006139845954365309
1674,1,0,0.021835796044843068
1675,1,0,0.024422665438734083
1676,1,0,0.011075943363478169
1677,1,0,0.005062685185451334
1678,1,0,0.026090989017940724
1679,1,0,0.04723897795570793
1680,1,0,0.01303297765251948
1681,1,0,0.013515531468957976
1682,1,1,0.026840138615049036
1683,1,0,0.007134369429412359
1684,1,0,0.0016475487149323297
1685,1,0,0.0012010032470484667
1686,1,0,0.00011713245022613487
1687,1,0,0.00035014487410270747
1688,1,0,0.0011394980571630227
1689,1,0,0.0011989158738739724
1690,1,0,0.00048056031633037313
1691,1,0,0.0030778414750802694
1692,1,0,0.00041374168572181784
1693,1,0,0.00015318831891119385
1694,1,0,0.0016678040462274478
1695,1,0,0.002859012001495767
1696,1,0,0.0021013932726045583
1697,1,0,0.0032762581975425897
1698,1,0,0.0005447468265681658
1699,1,0,0.0011516901017756794
1700,1,0,0.000492225385680934
1701,1,0,0.0029574827484509275
1702,1,0,0.0077890439516188036
1703,1,0,0.0019690586942577976
1704,1,0,0.0044165133394190904
1705,1,0,0.0003282544029999673
1706,1,0,0.008779399980213988
1707,1,0,0.0015915342576299125
1708,1,0,0.0008686342384815139
1709,1,0,0.0008946067890009293
1710,1,0,0.0009717719411517391
1711,1,0,0.01522321113628051
1712,1,0,0.0006883459358115716
1713,1,0,0.03827718724333768
1714,1,0,0.010911542164303303
1715,1,0,0.0017275617867446658
1716,1,0,0.002031030138169137
1717,1,0,0.07720511580832708
1718,1,0,0.0010591726303629404
1719,1,0,0.0022094600584399104
1720,1,0,0.010322933131431844
1721,1,0,0.0052879622446600485
1722,1,0,0.003076891867255286
1723,1,0,0.01335342859913873
1724,1,0,0.07795716731944628
1725,1,0,0.014985903573551807
1726,1,0,0.005227139761420134
1727,1,0,0.0011256141891260916
1728,1,0,0.09003791212065357
1729,1,0,0.003832936261274536
1730,1,0,0.0409832100833837
1731,1,0,0.004095344208659788
1732,1,0,0.0012046392662289128
1733,1,0,0.023794593272348907
1734,1,0,0.0023308177519452216
1735,1,0,0.017314494306939696
1736,1,0,0.003947182101369379
1737,1,0,0.004360810699562297
1738,1,0,0.006925582156834789
1739,1,0,0.018902098077003503
1740,1,0,0.0037068723079830396
1741,1,0,0.014439980690676184
1742,1,0,0.0523780435613056
1743,1,0,0.0009436379419885405
1744,1,0,0.17023043168779478
1745,1,0,0.0025926320588973
1746,1,0,0.029349589782344903
1747,1,0,0.6109332271533204
1748,1,0,0.0026645809175858326
1749,1,0,0.006465068848015945
1750,1,0,0.0024280084304063934
1751,1,0,0.02111472034654106
1752,1,0,0.006535796685877902
1753,1,0,0.4358305674118174
1754,1,0,0.048018349125351883
1755,1,0,0.06882678631823383
1756,1,0,0.6061197180126248
1757,1,0,0.20693639604613331
1758,1,0,0.017022735957091986
1759,1,0,0.012842776854934517
1760,1,0,0.04372752591584185
1761,1,0,0.02967348359887867
1762,1,0,0.15375796113557874
1763,1,1,0.0016777284065883687
1764,1,0,0.006829702060146335
1765,1,0,0.008123583773835113
1766,1,0,0.00012886497045997775
1767,1,0,0.0009967341248306844
1768,1,0,0.0007069659980766155
1769,1,0,0.005390345700680113
1770,1,0,0.00012325931511669304
1771,1,0,0.003564261179132976
1772,1,0,0.022752881564236212
1773,1,0,0.18499401188747605
1774,1,0,0.00030117777081677306
1775,1,0,0.00584193161283498
1776,1,0,0.00016696343129920214
1777,1,0,0.0005732891017619253
1778,1,0,0.015086114666216961
1779,1,0,0.002414839832588179
1780,1,0,0.00048342261229825925
1781,1,0,0.0004082533550620001
1782,1,0,0.0023089342194021266
1783,1,0,0.0030557493708423646
1784,1,1,0.9361377001928957
1785,1,0,0.001889508896882094
1786,1,0,0.0010862912383728463
1787,1,0,0.0020501168987703284
1788,1,0,0.012467303695428495
1789,1,1,0.6792148602920938
1790,1,0,0.0016979801799091256
1791,1,0,0.004984603795082177
1792,1,0,0.00847676910746207
1793,1,0,0.002547295388972835
1794,1,0,0.005209187792621099
1795,1,0,0.0007164581132602756
1796,1,0,0.0012646052073705383
1797,1,0,0.0033329333285259753
1798,1,0,0.054782653961635806
1799,1,0,0.003564545326492742
1800,1,0,0.0007548686370331412
1801,1,0,0.0023248978002761577
1802,1,0,0.010418380503378845
1803,1,0,0.0010226916149436974
1804,1,0,0.08359406877211187
1805,1,0,0.11547502254391497
1806,1,0,0.0008398079612342944
1807,1,0,0.0014706975221849422
1808,1,1,0.8932218230413506
1809,1,0,0.0047255658444677
1810,1,0,0.11422433480898543
1811,1,0,0.0003948526939517007
1812,1,0,0.0018184610239042748
1813,1,0,0.03519733104360974
1814,1,0,0.011332096432824455
1815,1,0,0.002996953388928298
1816,1,0,0.05250456986670601
1817,1,0,0.0015958797008813787
1818,1,0,0.0021299106713392035
1819,1,0,0.02085190906928973
1820,1,0,0.041660787405037904
1821,1,0,0.004129050073238052
1822,1,0,0.008714152792068958
1823,1,0,0.06832541280210458
1824,1,0,0.5687106656640458
1825,1,0,0.006745102812737632
1826,1,0,0.010108649966984287
1827,1,0,0.03247156466673057
1828,1,0,0.37240734739769144
1829,1,0,0.017507845255848455
1830,1,0,0.01752189269569223
1831,1,0,0.06052463102165442
1832,1,0,0.03446695123656747
1833,1,1,0.7156711398988562
1834,1,0,0.011619301950428321
1835,1,0,0.006172139044563923
1836,1,0,0.007483680294725421
1837,1,0,0.013796325624863083
1838,1,0,0.0051765984627234
1839,1,0,0.0007926430967732546
1840,1,0,0.0003001311825447093
1841,1,0,0.00578705461615994
1842,1,0,0.0002618211863431652
1843,1,0,0.0007250517349459134
1844,1,0,0.0015938046148120766
1845,1,0,0.0004660942400218968
1846,1,0,0.0004159651003167257
1847,1,0,0.014176735093490243
1848,1,0,0.0009296804250297461
1849,1,0,0.0014928593313875262
1850,1,0,0.0077731893657517715
1851,1,0,0.001931419485938453
1852,1,0,0.0007443517668218795
1853,1,0,0.001621703379762727
1854,1,0,0.0011024719369740511
1855,1,0,0.05488148389327208
1856,1,0,0.00030139801791477375
1857,1,0,0.005237630390503606
1858,1,0,0.00018281617343153433
1859,1,0,0.0018145390438452464
1860,1,0,0.0003514964458117726
1861,1,0,0.00016558883456481983
1862,1,0,0.013921520534950618
1863,1,0,0.001058157029785348
1864,1,0,0.0021577511915842457
1865,1,0,0.001108690948889864
1866,1,0,0.0002698230396229791
1867,1,0,0.005452165746149143
1868,1,0,0.12469696683525522
1869,1,0,0.0007160039998703595
1870,1,0,0.006105513835610948
1871,1,0,0.0009491112538321786
1872,1,0,0.13385546386805303
1873,1,0,0.20758250046199445
1874,1,0,0.0013492577250104655
1875,1,0,0.016727815602721616
1876,1,0,0.15378086584436598
1877,1,0,0.0005875859009984465
1878,1,0,0.009255057803452546
1879,1,0,0.001339343408620448
1880,1,0,0.0027553230975736255
1881,1,0,0.08449544580089798
1882,1,0,0.027514161228214318
1883,1,0,0.017122611940921312
1884,1,0,0.0017660917458264492
1885,1,0,0.009055207056483367
1886,1,0,0.008675623224075488
1887,1,0,0.001841577455795575
1888,1,0,0.006404596571592329
1889,1,0,0.0013787033374949608
1890,1,0,0.013705986019078797
1891,1,0,0.01051141449201977
1892,1,0,0.005201392803807873
1893,1,0,0.0019792886178757498
1894,1,0,0.005201268963306111
1895,1,0,0.1273859869594366
1896,1,0,0.008169597178600586
1897,1,0,0.004993238728827075
1898,1,0,0.18953931436786892
1899,1,0,0.002060404478284826
1900,1,0,0.0013455649533161318
1901,1,0,0.006260609431375826
1902,1,0,0.006585621527872731
1903,1,0,0.02111075945735596
1904,1,0,0.004159304244457869
1905,1,0,0.0062675161361311505
1906,1,0,0.3148910389194929
1907,1,0,0.04156947057108797
1908,1,0,0.027279746593923633
1909,1,0,0.04694594926999411
1910,1,0,0.006448925144904203
1911,1,0,0.18102467348600604
1912,1,0,0.009917541421716775
1913,1,0,0.008567665459726016
1914,1,0,0.014828500582048628
1915,1,0,0.013989994556955852
1916,1,0,0.17301647882361745
1917,1,0,0.07440262528785246
1918,1,0,0.00027314841130069735
1919,1,0,0.00025279541832821706
1920,1,0,0.008169288274797635
1921,1,0,0.0006148629941824759
1922,1,0,0.0002073296522850722
1923,1,0,0.00017444098158404407
1924,1,0,0.003914397850448274
1925,1,0,0.0007168759119261673
1926,1,0,0.00020065410979877243
1927,1,0,0.00042390692324991553
1928,1,0,0.00020247696255417066
1929,1,0,0.01664468783920647
1930,1,0,0.0004909251478612945
1931,1,0,0.001197230120335814
1932,1,0,0.00020833329911902097
1933,1,0,0.0019611616152496207
1934,1,0,0.0029139585662199944
1935,1,0,0.018582399793991313
1936,1,0,0.005360756379976724
1937,1,0,0.0009463477541793614
1938,1,0,0.0029175983880296665
1939,1,0,0.004584320070272856
1940,1,0,0.0013070409125744257
1941,1,0,0.2756633038872989
1942,1,0,0.0021820016200445047
1943,1,0,0.001855813804646899
1944,1,0,0.0019705093861263614
1945,1,0,0.0009261559445325287
1946,1,0,0.002364482204570131
1947,1,0,0.03970397081639451
1948,1,0,0.004118154929791242
1949,1,0,0.0037812354636701565
1950,1,0,0.010978874003263384
1951,1,0,0.0012147113912602506
1952,1,0,0.09739849738431691
1953,1,0,0.002094018477957634
1954,1,0,0.017519560721652293
1955,1,0,0.033905258678049215
1956,1,0,0.0018230530858703827
1957,1,0,0.0025979493777478933
1958,1,0,0.003388693494339425
1959,1,0,0.004755975933806799
1960,1,0,0.09779348177866057
1961,1,0,0.10279815833000018
1962,1,0,0.018865124631702847
1963,1,0,0.002346017968605908
1964,1,0,0.005777083157520273
1965,1,0,0.0017267955232712698
1966,1,0,0.008781595843526393
1967,1,0,0.011097025286502976
1968,1,0,0.009915803154436732
1969,1,0,0.0011524832700032651
1970,1,0,0.28851500019739007
1971,1,0,0.027970217644405396
1972,1,0,0.001643050911419696
1973,1,0,0.0020745037852416028
1974,1,0,0.08186734634290055
1975,1,0,0.018255130069744975
1976,1,0,0.01512856151640733
1977,1,0,0.0012240403698181703
1978,1,0,0.014170240954143981
1979,1,0,0.012133888413395667
1980,1,0,0.13533892228815714
1981,1,0,0.012080497185607372
1982,1,0,0.006524084825629573
1983,1,0,0.014066362045526562
1984,1,0,0.00756804033049368
1985,1,0,0.03499740433729757
1986,1,0,0.043650562819248985
1987,1,0,0.0014025727325974154
1988,1,0,0.0018592311129539299
1989,1,0,0.0042314661419084205
1990,1,0,0.09427129509095046
1991,1,0,0.009119237006622257
1992,1,0,0.0304038407969762
1993,1,0,0.011613594125312734
1994,1,0,0.012000549312109502
1995,1,0,0.1182460476383229
1996,1,1,0.0014876267123705839
1997,1,0,0.01641140349338792
1998,1,0,0.00012683362184388774
1999,1,0,0.0007720540205168421
2000,1,0,0.002883323599749291
2001,1,0,0.0007147170465194485
2002,1,0,0.0001077884392092318
2003,1,0,0.00045476181399342467
2004,1,0,0.006842051354748377
2005,1,0,0.0005256009312556427
2006,1,0,0.0027826735427635306
2007,1,0,0.000397174017071413
2008,1,0,0.0006491697020976032
2009,1,0,0.0002811478689651709
2010,1,0,0.05614081966937496
2011,1,0,0.00024420058945476893
2012,1,0,0.002573481496652852
2013,1,0,0.0030536938298313817
2014,1,0,0.07415985020336094
2015,1,1,0.44401702348702804
2016,1,0,0.0032749930669008953
2017,1,0,0.0029594059931109095
2018,1,0,0.0022533370275459558
2019,1,0,8.5534256233619e-05
2020,1,0,0.00022693898303703832
2021,1,0,0.00312995472027786
2022,1,0,0.003414259508363234
2023,1,0,0.12026894395333786
2024,1,0,0.00012017388292569896
2025,1,0,0.001362590262403573
2026,1,0,0.01066111763062359
2027,1,0,0.0008637726357322114
2028,1,0,0.001185511353594802
2029,1,0,0.006898630274375525
2030,1,0,0.018154343720315737
2031,1,0,0.40856240202366645
2032,1,0,0.002932865504759873
2033,1,0,0.002740066033280851
2034,1,0,0.006454591193573769
2035,1,0,0.00012504003244042034
2036,1,0,0.004217345867615942
2037,1,0,0.0016638078838767838
2038,1,0,0.1791361364410574
2039,1,0,0.0006832777637782004
2040,1,0,0.0021770593699179355
2041,1,0,0.0008748445332368175
2042,1,0,0.03337891197384314
2043,1,0,0.00032448730062813283
2044,1,0,0.005228168124667923
2045,1,0,0.0026695616941606478
2046,1,0,0.007516312433083447
2047,1,0,0.0016431840058940092
2048,1,0,0.006136451119454873
2049,1,0,0.004893471583545156
2050,1,0,0.0010114262092076815
2051,1,0,0.0094106797800304
2052,1,0,0.006476514092049471
2053,1,0,0.6981894207043455
2054,1,0,0.0004983300515955659
2055,1,0,0.00689473753068807
2056,1,0,0.09425317029113629
2057,1,0,0.029612528524069058
2058,1,0,0.007778249356651931
2059,1,0,0.004035032362516333
2060,1,0,0.015937793554114343
2061,1,0,0.05341236861365155
2062,1,0,0.008882098564884453
2063,1,0,0.0814032693675513
2064,1,0,0.010079962049698429
2065,1,0,0.02258953323547138
2066,1,0,0.004327777225030846
2067,1,0,0.010496337883750505
2068,1,0,0.007592308400161424
2069,1,0,0.0252296598690651
2070,1,0,0.053266734276537483
2071,1,0,0.32458059093138747
2072,1,0,0.011190678080019228
2073,1,0,0.013768800763253864
2074,1,0,0.004800674158687739
2075,1,1,0.7472631308829186
2076,1,0,0.010189055723810476
2077,1,0,0.020960152824521776
2078,1,0,0.0031167411013393867
2079,1,0,0.006358095922234081
2080,1,0,0.4561364566332123
2081,1,0,0.09748573366763268
2082,1,0,0.004522094078277191
2083,1,0,0.00023302631685566687
2084,1,0,0.0028799856988504604
2085,1,0,0.004868003402013997
2086,1,0,0.004815179586473261
2087,1,0,0.0009247157871307347
2088,1,0,0.0006590942921788327
2089,1,0,0.001993283710651969
2090,1,0,0.002725537722523784
2091,1,0,0.0007829700779101483
2092,1,0,0.008376817407931801
2093,1,0,0.0021770194496535653
2094,1,0,0.0005796736879549923
2095,1,0,0.0028981027812042307
2096,1,0,0.026019087488116193
2097,1,0,0.000459355726472208
2098,1,0,0.1943245654163266
2099,1,0,0.00033476813283309873
2100,1,0,0.0029531495222880006
2101,1,0,0.000996908025003139
2102,1,0,0.1895248195955185
2103,1,0,0.0010888528885471319
2104,1,0,0.0006700209488802725
2105,1,0,0.0071966788512956
2106,1,0,0.0003515487440376117
2107,1,0,0.00324659212790813
2108,1,0,0.020070646978245378
2109,1,0,0.003216821437648495
2110,1,0,0.0002506002433751448
2111,1,0,0.01810740950436725
2112,1,0,0.001618369445521696
2113,1,0,0.0019217855866359632
2114,1,0,0.0009303756255308934
2115,1,0,0.01080897621459748
2116,1,0,0.0013885078686351033
2117,1,0,0.002897730503424217
2118,1,0,0.002085753704283406
2119,1,0,0.0023533420994833634
2120,1,0,0.001962267343424987
2121,1,0,0.0009410088234980719
2122,1,0,0.0023116597261185704
2123,1,0,0.0028106152900761144
2124,1,0,0.0014316600466717324
2125,1,1,0.8359606167967961
2126,1,0,0.028074244176716896
2127,1,0,0.0012607561716815303
2128,1,0,0.003185346324817219
2129,1,0,0.002267269108253669
2130,1,0,0.5036518736243308
2131,1,0,0.019447433671721873
2132,1,0,0.001845705016885072
2133,1,0,0.004419963897908722
2134,1,0,0.05725944353874672
2135,1,0,0.16301775038477465
2136,1,0,0.0668952999002033
2137,1,0,0.0033743858936824394
2138,1,0,0.015543483064498067
2139,1,0,0.044177443141555105
2140,1,0,0.0344797515802251
2141,1,0,0.0030175867541162547
2142,1,0,0.7338019332193296
2143,1,0,0.059739459369391526
2144,1,0,0.00899335919778549
2145,1,0,0.2262478859557001
2146,1,0,0.0139154785476699
2147,1,0,0.0042275321481520575
2148,1,0,0.008438559529394289
2149,1,0,0.006715700391864589
2150,1,0,0.016987577825096245
2151,1,0,0.020658068953789563
2152,1,0,0.0015818492237751475
2153,1,0,0.016362781180270923
2154,1,0,0.0030790430925460343
2155,1,0,0.03463568903916513
2156,1,0,0.010390353947185196
2157,1,0,0.008871626164736987
2158,1,0,0.07997123051662938
2159,1,0,0.0031769221598577442
2160,1,0,0.05128417908370437
2161,1,0,0.02196818261430731
2162,1,0,0.0058292344015730335
2163,1,0,0.010254474713705303
2164,1,0,0.022208185077452845
2165,1,0,0.30828643093651337
2166,1,1,0.014864956601296537
2167,1,0,0.002753304513330008
2168,1,0,0.0030796967414127283
2169,1,0,0.006490924406407695
2170,1,0,0.0012241109461186759
2171,1,0,0.005411634321171028
2172,1,0,0.0003377034723151929
2173,1,0,0.000700618119619523
2174,1,0,0.0003440704496427337
2175,1,0,0.0004474497846379792
2176,1,0,0.0016053478833636787
2177,1,0,0.0015949315305974856
2178,1,0,0.002669038990200855
2179,1,0,0.0006570849365368412
2180,1,0,0.000931996926338599
2181,1,0,0.008039274719918412
2182,1,0,0.08101805557733538
2183,1,0,0.002303722377720004
2184,1,0,0.004528443497341859
2185,1,0,0.0010717472523028512
2186,1,0,0.002389768433376595
2187,1,0,0.00490882867440879
2188,1,0,0.0028657139773017567
2189,1,0,0.005314758761129933
2190,1,0,0.0033972356080752167
2191,1,0,0.0032874096658630195
2192,1,0,0.04585248454003002
2193,1,0,0.0017263018973257317
2194,1,0,0.0008540575704626449
2195,1,0,0.0008888071351367912
2196,1,0,0.0007873515770643449
2197,1,0,0.028053832340908847
2198,1,0,0.0020001541557653772
2199,1,0,0.030250270613871224
2200,1,0,0.0021564196993208015
2201,1,0,0.0039332929977232665
2202,1,0,0.001027436145313963
2203,1,0,0.001366230110474378
2204,1,0,0.001956899370539658
2205,1,0,0.006330825701556824
2206,1,0,0.1439612159780914
2207,1,0,0.01061440959508247
2208,1,0,0.0029454379583233855
2209,1,0,0.03053458731157053
2210,1,0,0.17981666999494225
2211,1,0,0.22552085016136125
2212,1,0,0.005356880404569119
2213,1,0,0.004347287877535197
2214,1,0,0.002282085069993498
2215,1,0,0.07508393143062532
2216,1,0,0.003530107482493065
2217,1,0,0.18082310258298914
2218,1,0,0.02975658174960408
2219,1,0,0.030534256428748272
2220,1,0,0.0014247637740239499
2221,1,0,0.7045039649538929
2222,1,0,0.005923861044306619
2223,1,0,0.0659409113887909
2224,1,0,0.0033420493125048615
2225,1,0,0.08407418569099763
2226,1,0,0.001617018765019984
2227,1,0,0.02343487394219767
2228,1,0,0.033732080057639426
2229,1,0,0.012507703854560712
2230,1,0,0.06534561656313706
2231,1,0,0.6664200168213023
2232,1,0,0.012258658785412303
2233,1,1,0.9581024448994934
2234,1,0,0.025324670156833404
2235,1,0,0.013448648321273363
2236,1,0,0.009748125218168544
2237,1,0,0.20147515840419689
2238,1,0,0.35822448615673913
2239,1,0,0.1269282868337808
2240,1,0,0.07409950633058417
2241,1,0,0.01690848048070893
2242,1,0,0.009165091274052677
2243,1,0,0.003384200373573517
2244,1,1,0.012478412327466689
2245,1,0,0.0003898059875202859
2246,1,0,0.003671885761801107
2247,1,0,0.0018732281709516426
2248,1,0,0.033457358093926574
2249,1,0,0.0047684901466601756
2250,1,0,0.0023126404854398354
2251,1,0,0.0006952718462957885
2252,1,0,0.0009364062262961639
2253,1,0,0.039400288801521924
2254,1,0,0.0012540530776671947
2255,1,0,0.00046782691175926224
2256,1,0,0.0007720236215731163
2257,1,0,0.004530520716845563
2258,1,0,0.14098766006535285
2259,1,0,0.051184242902957436
2260,1,0,0.0004169558031322249
2261,1,0,0.00227894808806518
2262,1,0,0.009330005180615705
2263,1,0,0.004683585397412884
2264,1,0,0.0009883187684951369
2265,1,0,0.00422985792941659
2266,1,0,0.391124538839596
2267,1,0,0.029386282919137568
2268,1,0,0.01145217647386074
2269,1,0,0.0030227984659644564
2270,1,0,0.020474097829370513
2271,1,0,0.0035672703268539814
2272,1,0,0.04377490660777513
2273,1,0,0.001138259088657917
2274,1,0,0.0005364815784152566
2275,1,0,0.006783837216294566
2276,1,0,0.09784620172241726
2277,1,0,0.002178768226001242
2278,1,0,0.00019135442122787265
2279,1,0,0.00487506740067728
2280,1,0,0.2572799524221783
2281,1,0,0.005629838614612169
2282,1,0,0.039522048884514646
2283,1,0,0.04541775979688465
2284,1,0,0.08838941307152155
2285,1,0,0.254842814039798
2286,1,0,0.11791591808693058
2287,1,0,0.0029260351034997465
2288,1,0,0.003986247544375481
2289,1,0,0.0033672138630046946
2290,1,0,0.012972931104504148
2291,1,0,0.0015062257385841068
2292,1,0,0.20508157026268534
2293,1,0,0.005799431889181474
2294,1,0,0.004239121907409975
2295,1,0,0.003938123312463987
2296,1,0,0.052263994584528385
2297,1,0,0.006987465866326777
2298,1,0,0.0031442105145742345
2299,1,1,0.9378068130241999
2300,1,0,0.05505875241718886
2301,1,0,0.0035360041113550907
2302,1,0,0.013347624948614183
2303,1,0,0.1718577112217274
2304,1,0,0.005285645736756567
2305,1,0,0.007655661540708385
2306,1,0,0.1378311663579897
2307,1,0,0.004340265351785979
2308,1,0,0.3260494141724287
2309,1,0,0.0038471773261341663
2310,1,0,0.14050988050397595
2311,1,0,0.0033047382881477403
2312,1,0,0.0007027280858507025
2313,1,0,0.0018626983880978719
2314,1,0,0.025975632379902993
2315,1,0,0.01192686845665574
2316,1,0,0.02638907996757477
2317,1,0,0.004212675997844382
2318,1,0,0.20603651612990603
2319,1,0,0.019231648731898015
2320,1,0,0.003087662889966086
2321,1,0,0.04339096406646201
2322,1,0,0.06125942551950552
2323,1,0,0.02830403271582519
2324,1,0,0.0067387524063138434
2325,1,0,0.017069190721117282
2326,1,0,0.5134467349095442
2327,1,0,0.1386792689563716
2328,1,0,0.03305196034431884
2329,1,0,0.03427332845818093
2330,1,0,0.07374351137015654
2331,1,1,0.4748670947150412
2332,1,1,0.21409361522028408
2333,1,0,0.11271188113279197
2334,1,0,0.07090422349149798
2335,1,0,0.0009605092045053454
2336,1,0,0.0042476417645526095
2337,1,0,0.0013407252034871554
2338,1,0,0.00019440212333716108
2339,1,0,0.0012468834926919802
2340,1,0,0.0012764245813783298
2341,1,0,0.003144532609567571
2342,1,0,0.0001423546844361552
2343,1,0,0.11625716303766413
2344,1,0,0.00027503957752815007
2345,1,0,0.0006454692938550398
2346,1,0,0.005197624763468877
2347,1,0,0.001222643103202708
2348,1,0,0.0011702131436719732
2349,1,0,0.00026470277932103426
2350,1,0,0.0006342189365731918
2351,1,0,0.007004982778507342
2352,1,0,0.0016414907223721881
2353,1,0,0.0009676497242580526
2354,1,0,0.00031330672566785123
2355,1,0,0.061938617983933394
2356,1,0,0.0009026700651343244
2357,1,0,0.001309468852889933
2358,1,0,0.00041343837655586437
2359,1,0,0.00042006232802949513
2360,1,0,0.02673655641587741
2361,1,0,0.0017672404467336407
2362,1,0,0.003547809126598672
2363,1,0,0.028345561265201345
2364,1,0,0.013477216899986339
2365,1,0,0.002136279652659453
2366,1,0,0.01677316907271994
2367,1,0,0.0013177440149088504
2368,1,0,0.0025698551855336516
2369,1,0,0.0010945111405734297
2370,1,0,0.00394231723561191
2371,1,0,0.006684735804685839
2372,1,0,0.013519407930585347
2373,1,0,0.028472153131252537
2374,1,0,0.00211558760851106
2375,1,0,0.00012808356059527758
2376,1,0,0.021588946808138408
2377,1,0,0.0704599711718825
2378,1,0,0.1749783963452434
2379,1,0,0.0153473387829685
2380,1,0,0.19985968441333563
2381,1,0,0.0012815637534028463
2382,1,0,0.001959674123357163
2383,1,0,0.002522423436957197
2384,1,0,0.0020489120854464554
2385,1,0,0.0017281824161661124
2386,1,0,0.008714461430308006
2387,1,0,0.0337825097230775
2388,1,0,0.002456966245318662
2389,1,0,0.03285276421769486
2390,1,0,0.01389733929886912
2391,1,0,0.0031222669675888427
2392,1,0,0.033261520287196845
2393,1,0,0.04229778693589652
2394,1,0,0.01181483088777723
2395,1,0,0.004769639716535942
2396,1,0,0.0029578878178401382
2397,1,0,0.03215677383068147
2398,1,0,0.03960344745301995
2399,1,0,0.0064656199119358755
2400,1,0,0.4768633129978453
2401,1,0,0.013108824168830269
2402,1,0,0.05229395107007023
2403,1,0,0.18568451917277262
2404,1,0,0.019522283599568393
2405,1,0,0.012458169719278402
2406,1,0,0.013722990205077787
2407,1,0,0.052004382173367704
2408,1,0,0.18423125592596631
2409,1,0,0.34507197170131415
2410,1,0,0.029884155461996156
2411,1,0,0.03185570392671738
2412,1,0,0.06366360527618613
2413,1,0,0.027074392034090886
2414,1,0,0.000805983110077508
2415,1,0,0.0003210411752279566
2416,1,0,0.0018410181536195592
2417,1,0,0.0010110055624523602
2418,1,0,0.0017885505014471348
2419,1,0,0.0008591333441141465
2420,1,0,0.001411166551951901
2421,1,0,0.164744168183097
2422,1,0,0.05926223445145381
2423,1,0,0.001761111423295056
2424,1,0,0.0008244608345157561
2425,1,0,0.10996859733365198
2426,1,1,0.2864640212261563
2427,1,0,0.0013400174679856782
2428,1,0,0.0013878699832434026
2429,1,0,0.014224097403483025
2430,1,0,0.0009680114571485129
2431,1,0,0.011561812700539261
2432,1,0,0.008709327864188408
2433,1,0,0.003673711146489574
2434,1,0,0.0002872082065539855
2435,1,0,0.0014877488311762987
2436,1,0,0.0005650538148395624
2437,1,0,0.0009545411494509175
2438,1,0,0.010302779671536472
2439,1,0,0.003148335812450589
2440,1,0,0.016044509616787668
2441,1,0,0.0019689274995183127
2442,1,0,0.006356007883540183
2443,1,0,0.005634872900629173
2444,1,1,0.6700691516567383
2445,1,0,0.04875700607845369
2446,1,0,0.028228485581539852
2447,1,0,0.020735378807170173
2448,1,0,0.00375412994060669
2449,1,0,0.0015161637761981895
2450,1,0,0.0017073030889689284
2451,1,0,0.0015743654230215343
2452,1,0,0.0913947129687233
2453,1,0,0.0017364811954679769
2454,1,0,0.002676734698113897
2455,1,0,0.00966894358069837
2456,1,0,0.003745062021214489
2457,1,0,0.004021845756964463
2458,1,0,0.015256549268286165
2459,1,0,0.0345327404827415
2460,1,0,0.03176643676637445
2461,1,0,0.002805423767906932
2462,1,0,0.037990077268299095
2463,1,0,0.016241520577590162
2464,1,0,0.013113188484553168
2465,1,0,0.006294859893648628
2466,1,0,0.0010605105207436858
2467,1,0,0.0009344637365493572
2468,1,0,0.005207159883372889
2469,1,0,0.0036309555960149014
2470,1,0,0.026901640071523236
2471,1,0,0.021401603115045152
2472,1,0,0.3976718216142129
2473,1,0,0.004033339975006556
2474,1,0,0.013072313296298045
2475,1,0,0.016454388665917283
2476,1,0,0.006114088213158128
2477,1,0,0.488266782128742
2478,1,0,0.08262249840561844
2479,1,0,0.01066846619402739
2480,1,0,0.03448797362206295
2481,1,0,0.03204385204058668
2482,1,0,0.025286077640163787
2483,1,0,0.03717849034100582
2484,1,0,0.004492768670125713
2485,1,0,0.013087723278772891
2486,1,0,0.007519303845459681
2487,1,0,0.0024913730267440938
2488,1,0,0.07875065892237619
2489,1,0,0.01645656878725494
2490,1,0,0.24540299465736917
2491,1,0,0.030932408874764613
2492,1,0,0.5698402403449971
2493,1,0,0.021632882365676457
2494,1,1,0.19749963084911326
2495,1,0,0.014956229147784746
2496,1,0,0.015890150040108707
2497,1,0,0.04121649928722321
2498,1,0,0.20105189424505335
2499,1,0,0.01747970907303487
2500,1,0,0.014235342435939635
2501,1,0,0.026636279344356553
2502,1,1,0.5389015194544993
2503,1,0,0.00219505058176742
2504,1,0,0.003104780184124533
2505,1,0,0.002716584909387115
2506,1,0,4.959828213858237e-05
2507,1,0,0.0012100724567627062
2508,1,0,0.00018512978697543772
2509,1,0,0.00024679486287654007
2510,1,0,0.027493233287968523
2511,1,0,0.0008814737808319644
2512,1,0,0.000880350256645855
2513,1,0,0.00030108213581840333
2514,1,0,0.004708328619240907
2515,1,0,0.0001816797825088031
2516,1,0,0.0010581923986183635
2517,1,0,0.0012409269968974132
2518,1,0,0.005409093813173575
2519,1,0,0.000726248384384809
2520,1,0,0.0038012531223669075
2521,1,0,0.0007585568293993218
2522,1,0,0.0006218610053471337
2523,1,0,0.002304240177891834
2524,1,0,0.0019838950264148923
2525,1,0,0.0005980724857712624
2526,1,0,0.0003204288786423563
2527,1,0,0.04187513415785529
2528,1,0,0.0004916261621885179
2529,1,0,0.00027854669918318895
2530,1,0,0.050498124227935634
2531,1,0,0.0007335003069348639
2532,1,0,0.0023880254275466762
2533,1,0,0.0002041480809698632
2534,1,0,0.0007947210007983556
2535,1,0,0.0013918760151237929
2536,1,0,0.011554205631434552
2537,1,0,0.002531605132411691
2538,1,0,0.03805980358099039
2539,1,0,0.0018477045264333534
2540,1,0,0.00200238779929599
2541,1,0,0.0003055621704840098
2542,1,0,0.00044700355881889666
2543,1,0,0.0011093028858723806
2544,1,0,0.0067813906912578634
2545,1,0,0.0009385420585243242
2546,1,0,0.0030098109312170045
2547,1,0,0.007845395694323586
2548,1,0,0.0003143739100541857
2549,1,0,0.010040595587490328
2550,1,0,0.012402209198889532
2551,1,0,0.0037534826878503564
2552,1,0,0.008510404474005882
2553,1,0,0.004662964901219912
2554,1,0,0.005109339326921345
2555,1,0,0.002843670821995961
2556,1,0,0.02159844684640618
2557,1,0,0.04341365163890894
2558,1,0,0.00421194195612886
2559,1,0,0.1351839088290917
2560,1,0,0.3837787910436864
2561,1,0,0.0025562597256378176
2562,1,0,0.015058992953504224
2563,1,0,0.0033848171844919226
2564,1,0,0.004440371282342617
2565,1,0,0.021128505031750008
2566,1,0,0.0024008049836483553
2567,1,0,0.0033074760234700325
2568,1,0,0.018185378756898976
2569,1,0,0.004619372804251752
2570,1,0,0.0035321672047874926
2571,1,0,0.008001257226907275
2572,1,0,0.00335268518156519
2573,1,0,0.02689534317354704
2574,1,0,0.01654847767744159
2575,1,0,0.11420649512740583
2576,1,0,0.04042977677754672
2577,1,0,0.0714852889784334
2578,1,0,0.031751028224545244
2579,1,0,0.008390491313967139
2580,1,0,0.09091938877460713
2581,1,1,0.7264657783425771
2582,1,0,0.01346781900840634
2583,1,0,0.08303756935746462
2584,1,0,0.2115833644428612
2585,1,0,0.012976373223535294
2586,1,0,0.11224672205419216
2587,1,0,0.47027523395351806
2588,1,0,0.01217506068705814
2589,1,0,0.47782015592293625
2590,1,0,0.0031602060590507595
2591,1,0,0.010713266814055513
2592,1,0,0.010157565859421774
2593,1,0,0.016935650683152063
2594,1,0,0.00013535526654095636
2595,1,0,0.0004402108454208113
2596,1,0,0.00019151761432815247
2597,1,0,0.0003166200827186089
2598,1,1,0.532112693431337
2599,1,0,0.00017559797958684108
2600,1,0,0.004660453573150006
2601,1,0,0.01724688967528888
2602,1,0,0.00065072719948435
2603,1,0,0.0003358429771106066
2604,1,0,0.0006524740575837277
2605,1,0,0.0012383992286799023
2606,1,0,0.0004736386078451064
2607,1,0,0.013667896266467609
2608,1,0,0.00206359665240184
2609,1,0,0.001580437486853288
2610,1,0,0.0026567433593324328
2611,1,0,0.00448962677289529
2612,1,0,0.29076670765694834
2613,1,0,0.001395499876423809
2614,1,0,0.005577954965054746
2615,1,0,0.0018982793999784624
2616,1,0,0.23334117931026446
2617,1,0,0.008402178414907703
2618,1,0,0.01235739520100666
2619,1,0,0.010089013548049633
2620,1,0,0.001400431462992453
2621,1,0,0.0021593399578044644
2622,1,0,0.0003596264673172834
2623,1,0,0.09961557955228081
2624,1,0,0.0025910154102197613
2625,1,0,0.000750845621316889
2626,1,0,0.0011007522266258995
2627,1,0,0.015307245753899273
2628,1,0,0.02755541359579196
2629,1,0,0.008261418472389594
2630,1,0,0.000534994756716984
2631,1,0,0.009321914818844748
2632,1,0,0.0004311338145353953
2633,1,0,0.008907011176540061
2634,1,0,0.0008173874996747516
2635,1,0,0.07938222121771593
2636,1,0,0.2183644021769076
2637,1,0,0.008673044551428867
2638,1,0,0.003623468935444208
2639,1,0,0.0131803573161638
2640,1,0,0.13001715055779253
2641,1,0,0.012810522303977282
2642,1,0,0.019289795270345602
2643,1,0,0.015455466347053503
2644,1,0,0.029290507350473276
2645,1,0,0.006724655866597259
2646,1,0,0.006921939222476374
2647,1,0,0.021364666697067058
2648,1,0,0.22876062057618923
2649,1,0,0.01061861410376395
2650,1,0,0.28989326267337334
2651,1,0,0.03883118279241167
2652,1,0,0.003089913039143269
2653,1,0,0.008953912779317062
2654,1,0,0.00941260652278926
2655,1,0,0.0035400734503678822
2656,1,0,0.08542995164847139
2657,1,0,0.0033444871368035747
2658,1,0,0.02068554164887748
2659,1,0,0.0028779860114518823
2660,1,0,0.23163703427225302
2661,1,0,0.03050378476895493
2662,1,0,0.004124643930815376
2663,1,0,0.007912296350892533
2664,1,0,0.020277176813985106
2665,1,0,0.4284677295963612
2666,1,0,0.0038418386494877077
2667,1,0,0.03131518645981813
2668,1,0,0.005491740279747015
2669,1,0,0.007205401583111983
2670,1,0,0.1705152121643353
2671,1,1,0.006507418541363377
2672,1,0,0.0008724790949114781
2673,1,0,0.0008569217024631842
2674,1,0,0.000669356235931225
2675,1,0,0.0006538761162723291
2676,1,0,0.000508513477259437
2677,1,0,0.0007397496052121549
2678,1,0,0.0011786529238590098
2679,1,0,0.0032391790622404823
2680,1,0,9.534347985661295e-05
2681,1,0,0.00013421823085031607
2682,1,0,0.0002580308463527349
2683,1,0,7.96240376750665e-05
2684,1,0,0.00026971387636695344
2685,1,0,0.0005069479542088648
2686,1,0,0.00012926792685142777
2687,1,0,0.012990600819489245
2688,1,0,0.013224750649896838
2689,1,0,0.00043781560564155723
2690,1,0,0.00041333087026782926
2691,1,0,0.008496624910377525
2692,1,0,0.0005105409811691511
2693,1,0,0.001309757159672195
2694,1,0,0.0028400817640080404
2695,1,0,0.0014410267522608066
2696,1,0,0.007966004902539814
2697,1,0,0.00023928600121900904
2698,1,0,0.005926261919538257
2699,1,0,0.31900494843255606
2700,1,0,0.0019679299736531683
2701,1,0,0.009641800678260311
2702,1,0,0.001097996810103143
2703,1,0,0.09438219062230604
2704,1,0,0.0008819265101040619
2705,1,0,0.571679972811666
2706,1,0,0.0011808226345622762
2707,1,0,0.000666300084200122
2708,1,0,0.08135692231541924
2709,1,0,0.007323475011973604
2710,1,0,0.008864989443375467
2711,1,0,0.037388381546184596
2712,1,0,0.021750087237824036
2713,1,0,0.0006884026665206908
2714,1,0,0.04915842778825702
2715,1,0,0.0008121292698609875
2716,1,0,0.024694559388260765
2717,1,0,0.003960782336584033
2718,1,0,0.007375545790918479
2719,1,0,0.0021546160576358573
2720,1,0,0.010196293555476965
2721,1,0,0.0003489925612714291
2722,1,0,0.002252207572704111
2723,1,0,0.04519612999430995
2724,1,0,0.004717638552410175
2725,1,0,0.002589973502851148
2726,1,0,0.0024943902813339834
2727,1,0,0.0015752328828548996
2728,1,0,0.003594838204615423
2729,1,0,0.2847156448370424
2730,1,0,0.020678172003414756
2731,1,0,0.0014051640804488648
2732,1,0,0.29793835997140206
2733,1,0,0.0034137418702618032
2734,1,0,0.0012545823344401411
2735,1,0,0.019221913337499803
2736,1,0,0.004746642391840179
2737,1,0,0.009441661936581058
2738,1,0,0.02690372278297502
2739,1,0,0.008813293638319352
2740,1,0,0.05745869804148602
2741,1,0,0.1378505892867721
2742,1,0,0.10177567466570162
2743,1,0,0.0670636384536743
2744,1,0,0.0030870787171177385
2745,1,0,0.02173142687253778
2746,1,0,0.03754612256205433
2747,1,0,0.005774375386270635
2748,1,0,0.025758123570382926
2749,1,1,0.0029079382791106405
2750,1,0,0.006521567237777883
2751,1,0,0.1944288933534831
2752,1,0,0.011096733395404903
2753,1,0,0.010068485901497228
2754,1,0,0.006438338958515167
2755,1,0,0.012947293817587434
2756,1,0,0.05655513474719514
2757,1,0,0.0030969552395992395
2758,1,0,0.021155740323994185
2759,1,0,0.038442749814006937
2760,1,0,0.01885928477954947
2761,1,1,0.9199413764383935
2762,1,0,0.11909878407490196
2763,1,0,0.3374299744771487
2764,1,0,0.006363483195668105
2765,1,0,0.014920220967307484
2766,1,0,0.0012423279349789154
2767,1,0,0.0012970111097915069
2768,1,0,0.0005083026808845457
2769,1,0,0.00015233971194702304
2770,1,0,0.0010536885309351852
2771,1,0,0.00042288412903947496
2772,1,0,0.0011336081759352559
2773,1,0,0.0007028945927919184
2774,1,0,0.0034173493609941288
2775,1,0,0.058480448088431045
2776,1,0,0.011437375638465573
2777,1,0,0.0017427511433629002
2778,1,0,0.0030079498482662517
2779,1,0,0.008076435357687017
2780,1,0,0.00039364751608330257
2781,1,0,0.03216507465876754
2782,1,0,0.0013076215572177404
2783,1,0,0.00022746456951668726
2784,1,0,0.06113226097784905
2785,1,0,0.00015587024852745064
2786,1,0,0.0001205730149529838
2787,1,0,0.0008756457119460992
2788,1,0,0.014290207052305975
2789,1,0,0.0023336809629290957
2790,1,0,0.002758932388209239
2791,1,0,0.0014602693242223223
2792,1,0,0.0009299433228352594
2793,1,0,0.000886661433419903
2794,1,0,0.03502491196672977
2795,1,0,0.010643387659927861
2796,1,0,0.0013964682408449834
2797,1,0,0.04372929676519978
2798,1,0,0.011012524197903174
2799,1,0,0.0051743078053784
2800,1,0,0.014640700921849976
2801,1,0,0.00035634347950921913
2802,1,0,0.025568687516022707
2803,1,0,0.017392981208059006
2804,1,0,0.0025360539300310764
2805,1,0,0.01019828908729719
2806,1,0,0.0011063723607609034
2807,1,0,0.002273813545793993
2808,1,0,0.007487168682033884
2809,1,0,0.004682718864338323
2810,1,0,0.0022812441791281455
2811,1,0,0.002647110678789608
2812,1,0,0.0010391787578567378
2813,1,0,0.007168772651873242
2814,1,0,0.36333971910159973
2815,1,0,0.0005356530020910667
2816,1,0,0.041819163750754146
2817,1,0,0.0038074286992598187
2818,1,0,0.0057586839852293405
2819,1,0,0.052288095335509495
2820,1,0,0.08132932288450397
2821,1,0,0.0030883575711988134
2822,1,0,0.024695712178685807
2823,1,0,0.45623507534863295
2824,1,0,0.005725752104580887
2825,1,0,0.0009263744651369195
2826,1,0,0.00319554195478648
2827,1,0,0.2133207233003138
2828,1,0,0.00869415070482292
2829,1,0,0.025851818798316772
2830,1,0,0.0037690161832401045
2831,1,0,0.11452603363544786
2832,1,0,0.0063346160215320265
2833,1,0,0.023432401108832695
2834,1,0,0.02779294492834937
2835,1,0,0.004690811202046674
2836,1,0,0.02770117896276087
2837,1,0,0.021447258499586105
2838,1,0,0.016255385569647153
2839,1,0,0.002889435907987947
2840,1,0,0.008367557750823205
2841,1,0,0.017687342028143493
2842,1,0,0.26880335146482687
2843,1,0,0.06292455278240433
2844,1,0,0.06966512584350877
2845,1,0,0.5785545203135678
2846,1,0,0.05501872201749636
2847,1,0,0.05305365741477291
2848,1,0,0.6491077503039007
2849,1,0,0.04453130361048134
2850,1,0,0.10875492484440936
2851,1,0,0.14483998616524185
2852,1,0,0.06733624811670944
2853,1,0,0.031853033318390886
2854,1,0,0.04933088838431788
2855,1,0,0.033414130613982886
2856,1,0,0.119489575847736
2857,1,0,0.017038865865022432
2858,1,1,0.5561954337107884
2859,1,0,0.3667801153193927
2860,1,0,0.38044746750098457
2861,1,0,0.190120483904094
2862,1,0,0.0622065817340934
2863,1,0,0.2092955919438865
2864,1,1,0.10270827645010387
2865,1,0,0.00031064864762103526
2866,1,0,0.0035623820344268674
2867,1,0,0.002647891726334735
2868,1,0,0.004549165821314304
2869,1,0,0.0004954719817808087
2870,1,0,0.0008505153841034758
2871,1,0,0.0004801261384770343
2872,1,0,0.0006064873208374998
2873,1,0,0.0011624493123453242
2874,1,0,0.039324828963248695
2875,1,0,0.0010600411878200935
2876,1,0,0.0001177611722377385
2877,1,0,0.0006912733872568038
2878,1,0,0.00017487001991092806
2879,1,1,0.3700477545587796
2880,1,0,0.002209065195320389
2881,1,0,0.001633241840670879
2882,1,0,0.004201222473403254
2883,1,0,0.001242109015714517
2884,1,0,0.0018315698457251344
2885,1,0,0.0027898296618150175
2886,1,0,0.0018814731649462128
2887,1,0,0.00039075015628320224
2888,1,0,0.007088843476634869
2889,1,0,0.0013525085915651828
2890,1,0,0.0012331993366734401
2891,1,0,0.0029912173351056078
2892,1,0,0.054245458551773935
2893,1,0,0.0011725500320039686
2894,1,0,0.0009846145153628312
2895,1,0,0.027588940286377622
2896,1,0,0.0009927714620929682
2897,1,0,0.004609532443435038
2898,1,0,0.006636680693263555
2899,1,0,0.002306156959181274
2900,1,0,0.002502575128551266
2901,1,0,0.002811938196646587
2902,1,0,0.0012162311235757437
2903,1,0,0.001272732287102155
2904,1,0,0.8250032190241753
2905,1,0,0.006123752967099859
2906,1,0,0.0016240139515898094
2907,1,0,0.0033519773493724146
2908,1,0,0.20905102153334376
2909,1,0,0.04448416189347701
2910,1,0,0.02351044939925121
2911,1,0,0.0020704439586772035
2912,1,0,0.004839745480633936
2913,1,0,0.0035211567055981256
2914,1,0,0.0026505923859439884
2915,1,0,0.4267681680366237
2916,1,0,0.006052245280805803
2917,1,0,0.01362162386764383
2918,1,0,0.0006855217513608244
2919,1,0,0.015373660086139789
2920,1,0,0.008035377510371786
2921,1,0,0.008349320712396387
2922,1,0,0.006997987500279259
2923,1,0,0.0767527888143799
2924,1,0,0.04852205650219328
2925,1,0,0.07228969169756189
2926,1,0,0.657651966944734
2927,1,0,0.08249908562879633
2928,1,0,0.04314527862414931
2929,1,0,0.00556365580144114
2930,1,0,0.1408478073441117
2931,1,0,0.026627881168892715
2932,1,0,0.03525191486240738
2933,1,0,0.009003227931706577
2934,1,0,0.06390266276096687
2935,1,0,0.003669028108541238
2936,1,0,0.06590822002850089
2937,1,0,0.0335314086123485
2938,1,0,0.004324595138948035
2939,1,0,0.02415875489321191
2940,1,0,0.7753623768087866
2941,1,1,0.03266858076770305
2942,1,0,0.02433526567375569
2943,1,0,0.001476426456357553
2944,1,0,0.0002549403113917531
2945,1,0,0.0005769214055298273
2946,1,0,0.00016630947970323648
2947,1,0,0.00015500349075398153
2948,1,0,0.0018570053063836772
2949,1,0,0.01108567972829707
2950,1,0,0.003508046910217364
2951,1,0,0.0016760458925704313
2952,1,0,0.0005309334965007391
2953,1,0,0.0016302105071902986
2954,1,0,0.00035872636468881806
2955,1,0,0.0017078937125758874
2956,1,0,0.00016994193955613394
2957,1,0,0.023112803124725596
2958,1,0,0.005169118041959911
2959,1,0,0.0010133598690231285
2960,1,0,0.009693736953036403
2961,1,0,0.003176616398406744
2962,1,0,0.004160018704092736
2963,1,0,0.0017168416487139172
2964,1,0,0.002686712279227662
2965,1,0,0.001671834991359741
2966,1,0,0.02464688317699369
2967,1,0,0.03589959754587946
2968,1,0,0.0006691025820522499
2969,1,0,0.013168670188697067
2970,1,0,0.0008355443292708633
2971,1,0,0.0017309366568798398
2972,1,0,0.0037284778879731017
2973,1,0,0.026331889975772977
2974,1,0,0.0013916911110009526
2975,1,0,0.003269535534457837
2976,1,0,0.0070479115845778015
2977,1,0,0.06902948324178727
2978,1,0,0.00924289940764644
2979,1,0,0.008928425947962573
2980,1,0,0.0026147538250595255
2981,1,0,0.007814720140185605
2982,1,0,0.011870572297560713
2983,1,0,0.14831997139751799
2984,1,0,0.002735893317003789
2985,1,0,0.002139273526467216
2986,1,0,0.07470168129106673
2987,1,0,0.0009528675565651924
2988,1,0,0.0169823136177012
2989,1,0,0.025810462584695902
2990,1,0,0.0037406840998290315
2991,1,0,0.0189137453415316
2992,1,0,0.002142406938810952
2993,1,0,0.158434405851098
2994,1,0,0.3736832771824013
2995,1,0,0.011477609031785
2996,1,0,0.0029597992238889832
2997,1,0,0.8042961648124412
2998,1,0,0.013809600676603966
2999,1,0,0.8486261413483435
3000,2,1,0.9075238589908692
3001,2,0,0.0091728740273174
3002,2,0,0.006575167260635786
3003,2,0,0.004696333750042483
3004,2,0,0.1634686448786246
3005,2,0,0.0032142540570747036
3006,2,0,0.0016525951789434121
3007,2,0,0.014701737877515478
3008,2,0,0.006071643091045841
3009,2,0,0.0036645205442651435
3010,2,0,0.006358049582027646
3011,2,0,0.09967705802086604
3012,2,0,0.017821311325625616
3013,2,0,0.032933996384989554
3014,2,0,0.07784409721218291
3015,2,0,0.002000985841573676
3016,2,0,0.07830522170032962
3017,2,0,0.03177676432929363
3018,2,0,0.006308721463538597
3019,2,1,0.1849970534166952
3020,2,0,0.014678675840129541
3021,2,0,0.09332429209543253
3022,2,0,0.030678322583578367
3023,2,0,0.010694980109633968
3024,2,0,0.017513118272266072
3025,2,0,0.06612548932879757
3026,2,0,0.01023444686118175
3027,2,0,6.422727270344177e-05
3028,2,0,0.006397542257852447
3029,2,0,0.013075337615035472
3030,2,0,6.753699597348602e-05
3031,2,0,0.00011678054674044196
3032,2,0,0.00024195520930704053
3033,2,0,0.00041813866425798534
3034,2,0,0.00047522595836585013
3035,2,0,0.00021487051310144117
3036,2,0,0.0004002826843496197
3037,2,0,0.000625623378840105
3038,2,0,0.0014048581824660403
3039,2,0,0.00021227440071834298
3040,2,0,0.00021804632911697427
3041,2,0,0.0006408660970341053
3042,2,0,0.0007278645171247989
3043,2,0,0.0005737235094196623
3044,2,0,0.001360413282225583
3045,2,0,0.00019528210741908146
3046,2,0,0.00045549935843038715
3047,2,0,0.0008765330650301901
3048,2,0,0.003068539119792416
3049,2,0,0.010083191866574817
3050,2,0,0.010701925849361771
3051,2,0,0.0023279829783116584
3052,2,0,0.0006185354468437826
3053,2,0,0.0001544418350224341
3054,2,0,0.0010893455495993637
3055,2,0,0.00018033482325509616
3056,2,0,0.00047726079170885355
3057,2,0,0.0024586811399267532
3058,2,0,0.0019477193590263112
3059,2,0,0.000933073097733394
3060,2,0,0.0017123454619308058
3061,2,0,0.06439965657918004
3062,2,0,0.003175041547398351
3063,2,0,0.003239559569235923
3064,2,0,0.0014077964496439217
3065,2,0,0.00033356153935667435
3066,2,0,0.0027129682575151057
3067,2,0,0.0011539314044351002
3068,2,0,0.0005574361438346679
3069,2,0,0.0031029686400273317
3070,2,0,0.00035250377182810094
3071,2,0,0.020384517591264795
3072,2,0,0.05726600117911332
3073,2,0,0.01680463194313222
3074,2,0,0.0024948733806828757
3075,2,0,0.0027060330413282868
3076,2,0,0.004128623494582221
3077,2,0,0.0016153473659223942
3078,2,0,0.042374971458605824
3079,2,0,0.0526644545485067
3080,2,0,0.011693390457925345
3081,2,0,0.0034418847551232184
3082,2,0,0.0025465901458206863
3083,2,0,0.0020768236273280343
3084,2,0,0.029998165063221137
3085,2,0,0.0052341136479251305
3086,2,0,0.0018947197843217586
3087,2,0,0.013551550519828913
3088,2,0,0.0012386513814970786
3089,2,0,0.0028238240563898307
3090,2,0,0.012545409147817684
3091,2,0,0.0005949826291410303
3092,2,0,0.16204190861979592
3093,2,0,0.05941601623752508
3094,2,0,0.01960358977790125
3095,2,0,0.005613507442727901
3096,2,0,0.01451483140859168
3097,2,0,0.018700569333441205
3098,2,0,0.04974356240103789
3099,2,0,0.030107348773332585
3100,2,0,0.062380100342450194
3101,2,0,0.002144985014555382
3102,2,0,0.05067976854359459
3103,2,0,0.006605028647685986
3104,2,0,0.004724765425063875
3105,2,0,0.016605231199754645
3106,2,0,0.012155586906085937
3107,2,0,0.005177360844048184
3108,2,0,0.011694687110916726
3109,2,0,0.05753508939762246
3110,2,0,2.710742329902751e-05
3111,2,0,0.00022647479252541655
3112,2,0,0.005457915108832363
3113,2,0,0.005224464668698355
3114,2,0,0.0001484534166120387
3115,2,0,0.0006064306789732459
3116,2,0,0.00015332775258222015
3117,2,0,0.0005852822341994634
3118,2,0,0.0013195763990318798
3119,2,0,0.00033783804764730095
3120,2,0,0.0008672743414021703
3121,2,0,0.003385185523748679
3122,2,0,0.0022550590435098054
3123,2,0,0.00019948870612366754
3124,2,0,0.0013082407095429986
3125,2,0,0.0001611511804698084
3126,2,0,0.00015015077728825038
3127,2,0,0.0003114380260016678
3128,2,0,0.0006469008147981146
3129,2,0,0.000841689084393168
3130,2,0,0.00025585128882602383
3131,2,0,0.0006794238793893982
3132,2,0,0.002039946556664026
3133,2,0,0.004194578673719765
3134,2,0,0.004519887311199153
3135,2,0,0.004891592964844365
3136,2,0,0.036889291599749297
3137,2,0,0.0007620589879852381
3138,2,0,0.0004997375755626946
3139,2,0,0.0005146968784261196
3140,2,1,0.2816954130221541
3141,2,0,0.007885020636801984
3142,2,0,0.0020933706270490973
3143,2,0,0.0005790987681061652
3144,2,0,0.00022849273059418718
3145,2,0,0.0009788054339331799
3146,2,0,0.0008149529211476317
3147,2,0,0.0013439780332785904
3148,2,0,0.0005386969761265936
3149,2,0,0.0003035206284776963
3150,2,0,0.00028557684498804097
3151,2,0,0.0028747339100757023
3152,2,0,0.0025056302868304834
3153,2,0,0.02691281918349834
3154,2,0,0.010022955025252984
3155,2,0,0.03668839269121301
3156,2,0,0.000721362420171578
3157,2,0,0.003875563090133836
3158,2,0,0.0018087026626236874
3159,2,0,0.006829235412744716
3160,2,0,0.014878939146480653
3161,2,0,0.31225452521526126
3162,2,0,0.003103681359695401
3163,2,0,0.006107901734743236
3164,2,0,0.003952941485317598
3165,2,0,0.0014376796393981092
3166,2,0,0.003007932256171544
3167,2,0,0.005278687785130681
3168,2,0,0.0009339877396787761
3169,2,0,0.012053151220583076
3170,2,0,0.0052359202290922875
3171,2,0,0.22804794156036665
3172,2,0,0.006437912913869546
3173,2,0,0.004083779640028355
3174,2,0,0.005714393871096894
3175,2,0,0.02259380730753784
3176,2,0,0.01854151774798107
3177,2,0,0.0019438117071973377
3178,2,0,0.04543004527662814
3179,2,0,0.010155716659215566
3180,2,0,0.047069597609561066
3181,2,0,0.006429050388506054
3182,2,0,0.09347841661768747
3183,2,0,0.0051777214625719995
3184,2,0,0.006681218157650054
3185,2,0,0.0031263831439736936
3186,2,0,0.08272765988900158
3187,2,0,0.007734394663010504
3188,2,0,0.14226828474596417
3189,2,0,0.005045732021565223
3190,2,0,0.0032123574892852953
3191,2,0,0.046600921221440446
3192,2,0,0.004339009718579842
3193,2,0,0.00026688907570532946
3194,2,0,0.005869356778566658
3195,2,0,0.0001161523201582421
3196,2,0,0.0002785035289857581
3197,2,0,0.00022750444234075784
3198,2,0,0.0008322743634605243
3199,2,0,0.00012201699051879122
3200,2,0,0.0005582412049029581
3201,2,0,0.002760566854757556
3202,2,0,0.0004496357826519392
3203,2,0,0.0002616776970999092
3204,2,0,0.013283909311492464
3205,2,0,0.000425696961335672
3206,2,0,0.00019514653638719051
3207,2,0,0.00017924044189467647
3208,2,0,0.00022129193083124792
3209,2,0,0.00013271468041277184
3210,2,0,0.0007377201109781672
3211,2,0,0.014301092002350574
3212,2,0,0.0005009092557348766
3213,2,0,0.0007569881506994284
3214,2,0,0.003925468916857226
3215,2,0,0.004258769992059454
3216,2,0,0.0001375216896749386
3217,2,0,0.0037363311658547595
3218,2,0,0.02263767721282037
3219,2,0,0.00040783425086039315
3220,2,0,0.000324302562440419
3221,2,0,0.006197816360735683
3222,2,0,0.0013321794679479805
3223,2,0,0.0002352747896721303
3224,2,0,0.0002849725395680012
3225,2,0,0.0012050307642796885
3226,2,0,0.006035862512836644
3227,2,0,0.0007610307342308986
3228,2,0,0.009855935033737285
3229,2,0,0.0020318931495713097
3230,2,0,0.0010679423183884863
3231,2,0,0.00347267751032249
3232,2,0,0.003457913616950637
3233,2,0,0.001131394270441221
3234,2,0,0.0011221876346125365
3235,2,0,0.0024438641221241823
3236,2,1,0.1839444175648382
3237,2,0,0.0009990515251804414
3238,2,0,0.0004606403577013216
3239,2,0,0.01523775787001895
3240,2,0,0.0030204235925247696
3241,2,0,0.003767842959377108
3242,2,0,0.0013540431846178443
3243,2,0,0.0017966393867624086
3244,2,0,0.007457424169019618
3245,2,0,0.0009061714723567871
3246,2,0,0.0046333022239667
3247,2,0,0.0006238623132005357
3248,2,0,0.002851254070108071
3249,2,0,0.002834169775350756
3250,2,0,0.000936134891736327
3251,2,0,0.0015759870898323137
3252,2,0,0.0031050643482634153
3253,2,0,0.09175805732077415
3254,2,0,0.06865247506911556
3255,2,0,0.013615234389078848
3256,2,0,0.007268020689041884
3257,2,0,0.009197491240772402
3258,2,0,0.00526455155949483
3259,2,0,0.0019732353640735927
3260,2,0,0.013176047685739262
3261,2,0,0.0029447088962377497
3262,2,0,0.005812048768837164
3263,2,0,0.09881028889918317
3264,2,0,0.011600783918689976
3265,2,0,0.08929385970895935
3266,2,1,0.077614923817815
3267,2,0,0.03490862471213544
3268,2,0,0.005681973986502294
3269,2,0,0.012232249372427529
3270,2,0,0.018062267760806938
3271,2,0,0.011202333611742239
3272,2,0,0.0020490998065086975
3273,2,0,0.007798037914454164
3274,2,0,0.0001459064388786341
3275,2,0,7.350901350056071e-05
3276,2,0,0.0001409197782555572
3277,2,0,0.0006602388844699998
3278,2,0,0.00038444809980011426
3279,2,0,0.002834261566039087
3280,2,0,0.003593658973598482
3281,2,0,0.0006132825019094551
3282,2,0,0.0005603205119201615
3283,2,0,0.0009932376022713464
3284,2,0,0.001050750290301952
3285,2,0,0.00021465331093011505
3286,2,0,0.0010147066578001923
3287,2,0,6.491676055354962e-05
3288,2,0,0.00025103453379055627
3289,2,0,0.003619178513410528
3290,2,0,0.0001983390482566254
3291,2,0,0.0015672218655882228
3292,2,0,0.0005005890139990766
3293,2,0,0.005150811381803903
3294,2,0,0.000814801196471103
3295,2,0,0.0016893502378450172
3296,2,0,0.0002239997099019755
3297,2,0,0.0008284675315082711
3298,2,0,0.0003695109856051682
3299,2,0,0.0009163446190105275
3300,2,0,0.0004946621858814268
3301,2,0,0.0013546255729011186
3302,2,0,0.012905323014544794
3303,2,0,0.004262811460075031
3304,2,0,0.005385137369079904
3305,2,0,0.02707211078497248
3306,2,0,0.034202436212251476
3307,2,0,0.0017153659724500083
3308,2,0,0.0012741357098700352
3309,2,0,0.005538273158927735
3310,2,0,0.001152391240544696
3311,2,0,0.003105364680079539
3312,2,0,0.00027075407156697257
3313,2,0,0.002889807179023285
3314,2,0,0.0035724374074242496
3315,2,0,0.0023264320058443916
3316,2,0,0.013949393000530507
3317,2,0,0.0003033463586486758
3318,2,0,0.015020711966247505
3319,2,0,0.0012889356983779993
3320,2,0,0.06255969691386926
3321,2,0,0.0034636542584309724
3322,2,0,0.014455713252792896
3323,2,0,0.002518904172666854
3324,2,0,0.0009609268577542927
3325,2,0,0.0009994099633290191
3326,2,0,0.0027783901339360384
3327,2,0,0.18616073613998202
3328,2,0,0.0027339988011592805
3329,2,0,0.0012687704584403092
3330,2,0,0.015246270384809534
3331,2,0,0.02530458312974334
3332,2,0,0.001550521624144112
3333,2,0,0.004776392029735625
3334,2,0,0.0007048810145952083
3335,2,0,0.0035818317350703273
3336,2,0,0.0013249809951352048
3337,2,0,0.0013716192231073541
3338,2,0,0.004035479417640602
3339,2,0,0.017943893361634367
3340,2,0,0.005548692605061111
3341,2,0,0.012037528463017158
3342,2,0,0.04549634875897677
3343,2,0,0.00695907766831179
3344,2,0,0.002127561113081182
3345,2,0,0.003264269196176964
3346,2,0,0.0015838770133357624
3347,2,0,0.01653717788368408
3348,2,0,0.0089125510763799
3349,2,0,0.0016141133728968641
3350,2,1,0.3069200076613431
3351,2,0,0.005878146027474249
3352,2,0,0.006314354172414645
3353,2,0,0.003413374263069416
3354,2,0,0.019231993174783666
3355,2,0,0.022382462214254006
3356,2,1,0.24867032621423216
3357,2,0,0.07169101073014737
3358,2,0,0.004930033236645447
3359,2,0,0.02813486018087674
3360,2,0,0.020171121626578883
3361,2,0,0.019302227692865187
3362,2,0,0.019504585834994894
3363,2,0,0.07435096391578845
3364,2,0,0.0010819818975182432
3365,2,0,4.0642964254641724e-05
3366,2,0,0.00018991445423914243
3367,2,0,0.00010711603073312149
3368,2,0,0.01012931386587597
3369,2,1,0.3136823812019801
3370,2,0,7.14748636397704e-05
3371,2,0,0.0008117250304174719
3372,2,0,0.0004099101024357631
3373,2,0,0.0001667597547565387
3374,2,0,0.0015511105547822929
3375,2,0,0.0011755435349798248
3376,2,0,0.0005107747341037471
3377,2,0,3.085179621271553e-05
3378,2,0,0.00011598098199974028
3379,2,0,8.006445134959868e-05
3380,2,0,0.0004796484195883671
3381,2,0,0.0009089111449374007
3382,2,0,0.0003459688101783289
3383,2,0,0.0005070827598758476
3384,2,0,0.0002455730266987343
3385,2,0,0.0011093973461606538
3386,2,0,0.0001762724231967542
3387,2,0,0.06918465975509065
3388,2,0,0.002435907867359775
3389,2,0,0.010646014039528607
3390,2,0,0.002369552747775557
3391,2,0,0.005433926394079929
3392,2,0,0.0025093223480718544
3393,2,0,0.010837280356995977
3394,2,0,0.0005466789761946889
3395,2,0,0.0009987933892230008
3396,2,0,8.87350834081934e-05
3397,2,0,0.00047830839087414207
3398,2,0,0.0007096452459358721
3399,2,0,0.0008387713968761042
3400,2,0,0.005566857926724922
3401,2,0,0.0008437910948475255
3402,2,0,0.011891007061059682
3403,2,0,0.009086540024333269
3404,2,0,0.0014744616410575664
3405,2,0,0.0007863021279721654
3406,2,0,0.004380216601767073
3407,2,0,0.008198229894553918
3408,2,0,0.0004618171678566985
3409,2,0,0.0010313951712144433
3410,2,0,0.0010739793031147942
3411,2,0,0.10352510966567156
3412,2,0,0.02556043750030276
3413,2,0,0.0019111325320541838
3414,2,0,0.008728500100348051
3415,2,0,0.0032033594747094187
3416,2,0,0.00497183916333376
3417,2,0,0.0021814641999310376
3418,2,0,0.004978678896576586
3419,2,0,0.0022931384984286158
3420,2,0,0.002042770878552504
3421,2,0,0.0005072058270302555
3422,2,0,0.0038218695862260355
3423,2,0,0.0008675526298653095
3424,2,0,0.001666367733686024
3425,2,0,0.0022894398370800176
3426,2,0,0.013757047227082354
3427,2,0,0.0019557734265838885
3428,2,0,0.021139178225553827
3429,2,0,0.0011881709559715809
3430,2,0,0.004360405316988386
3431,2,0,0.00718278756866213
3432,2,0,0.013391125051966367
3433,2,0,0.010650653506289567
3434,2,0,0.005826614039042944
3435,2,0,0.16257441868653108
3436,2,0,0.06437271275916105
3437,2,0,0.22928168924294443
3438,2,0,0.0028047576057139145
3439,2,0,0.013717214638380854
3440,2,0,0.009389353398358252
3441,2,0,0.019577874678332313
3442,2,0,0.27458150304555895
3443,2,0,0.01341342494028526
3444,2,0,0.06111253700218037
3445,2,0,0.010021038794077092
3446,2,0,0.04096691049276979
3447,2,0,0.014043969418923151
3448,2,0,0.0036755738073670076
3449,2,0,0.007808707491698834
3450,2,0,0.04882642840340447
3451,2,0,0.00035351090196936695
3452,2,0,4.956626004446099e-05
3453,2,0,0.0077621414261491405
3454,2,0,0.00026549388107944546
3455,2,0,0.0012981211443409035
3456,2,0,0.0005496120816813317
3457,2,1,0.21336320439559528
3458,2,0,0.00023891665018169246
3459,2,0,0.001211045698077316
3460,2,0,0.0001815480641862437
3461,2,0,0.0004565587122462201
3462,2,0,0.00024356224466609645
3463,2,0,0.00033760820942709474
3464,2,0,0.014417104855390099
3465,2,0,0.00038571304320283414
3466,2,0,0.04787495562980244
3467,2,0,0.0011053779741420759
3468,2,0,0.0024089963862161177
3469,2,0,0.0017692225221491462
3470,2,0,0.0002144732450945197
3471,2,0,0.005022894783408837
3472,2,0,0.002468500634115801
3473,2,0,0.0008221812589696238
3474,2,0,0.0002439571831644233
3475,2,0,0.0006849181610391372
3476,2,0,0.0035643910490923934
3477,2,0,0.0026421343827448328
3478,2,0,0.00017464383864403525
3479,2,0,0.00018435381331648054
3480,2,0,0.06661219292672765
3481,2,0,0.0006096274759906067
3482,2,0,0.0007964104729501016
3483,2,0,0.0008394749028545202
3484,2,0,0.0010627451336728258
3485,2,0,0.0047905054859614035
3486,2,0,0.0003909976455852083
3487,2,0,0.000686269040962193
3488,2,0,0.02554363968235558
3489,2,0,0.0008592158740320517
3490,2,0,0.001025282603266298
3491,2,0,0.0005762560141663643
3492,2,0,0.16127271804876958
3493,2,0,0.002062520101675588
3494,2,0,0.0015292106091757468
3495,2,0,0.002894777772225489
3496,2,0,0.0018558492967711215
3497,2,0,0.0017912114484761692
3498,2,0,0.01309515644505645
3499,2,0,0.0009986628237858481
3500,2,0,0.0035016762212453202
3501,2,0,0.14631325188983632
3502,2,0,0.0010819895658216454
3503,2,0,0.03244029184218175
3504,2,0,0.005197040155272351
3505,2,0,0.0012755378600620747
3506,2,0,0.00980037580169831
3507,2,0,0.0005226441226670056
3508,2,0,0.0021468780701906134
3509,2,0,0.0034299060901046567
3510,2,0,0.007235167037495323
3511,2,0,0.02388169586972954
3512,2,0,0.016017415921007406
3513,2,0,0.05800270930170333
3514,2,0,0.030593273414680478
3515,2,0,0.018795012569562813
3516,2,0,0.01920658861848415
3517,2,0,0.0030496268115527327
3518,2,0,0.005937408819149023
3519,2,0,0.0013386005322047671
3520,2,0,0.007137071833322232
3521,2,0,0.010281469042941915
3522,2,0,0.00657041282200265
3523,2,0,0.009736664074431236
3524,2,0,0.013953438449871219
3525,2,0,0.003337762092141592
3526,2,0,0.002178720200917744
3527,2,0,0.016176941293204048
3528,2,1,0.1255727318337941
3529,2,1,0.023498014030285667
3530,2,0,0.00018408083321536903
3531,2,0,0.00011583004525564654
3532,2,0,0.0001852081233032021
3533,2,0,0.00015174326971589898
3534,2,0,7.826956050473021e-05
3535,2,0,6.915260654935389e-05
3536,2,0,0.0002587900658643063
3537,2,0,0.00045518774498829617
3538,2,0,0.0005151686417585294
3539,2,0,0.0003703744513764685
3540,2,0,5.7410294444883725e-05
3541,2,0,0.0018543258975550847
3542,2,0,0.0007099606592481548
3543,2,0,5.608886829916298e-05
3544,2,0,7.942609763694293e-05
3545,2,0,0.0007372007586995633
3546,2,0,0.0009648279653348217
3547,2,0,0.0024588426028511537
3548,2,0,0.00040470098912342555
3549,2,0,0.012843905222728174
3550,2,0,0.00021718715511570994
3551,2,0,0.0002360542050498226
3552,2,0,0.0026626348255426964
3553,2,0,0.0011222417472666613
3554,2,0,0.002509885630817591
3555,2,0,0.0006704142489194139
3556,2,0,0.0012681253454687508
3557,2,0,0.00010257554789258455
3558,2,0,0.0003030859353564395
3559,2,0,0.00021911406579113859
3560,2,0,0.0009695133631106958
3561,2,0,0.00046711997409498886
3562,2,0,0.0021156963946110893
3563,2,0,0.00011222133546742647
3564,2,0,0.0013537987762687561
3565,2,0,0.011395967944726556
3566,2,0,0.07372169347606866
3567,2,0,0.00038348951509300567
3568,2,0,0.022259615824866925
3569,2,0,0.0005435853649043513
3570,2,0,0.0030408423075448526
3571,2,0,0.00033108161135456875
3572,2,0,0.02452049370414101
3573,2,0,0.012616920554202557
3574,2,0,0.003222763692980499
3575,2,0,0.0036923516558238128
3576,2,0,0.013886707551358516
3577,2,0,0.0005876261519619133
3578,2,0,0.002489465372229385
3579,2,1,0.8094101372114871
3580,2,0,0.0015038309331249623
3581,2,0,0.0010674545481343563
3582,2,0,0.016686385604561947
3583,2,0,0.0030505877121837434
3584,2,0,0.2676039906388271
3585,2,0,0.013193451192952423
3586,2,0,0.0023212650613668724
3587,2,0,0.001030160170252682
3588,2,0,0.011252512893895979
3589,2,0,0.4150051223185093
3590,2,0,0.00865596992118448
3591,2,0,0.0025806239556991285
3592,2,0,0.002633608460308502
3593,2,0,0.003001828046867949
3594,2,0,0.011689271668113827
3595,2,0,0.010041981932533393
3596,2,0,0.017369456981468048
3597,2,0,0.010697290265089839
3598,2,0,0.09220309049268931
3599,2,0,0.024813450829948767
3600,2,0,0.0018699873708815113
3601,2,0,0.0035940353900881968
3602,2,0,0.008886726237350076
3603,2,0,0.014209530869430142
3604,2,0,0.002158362442129872
3605,2,0,0.004769980049655395
3606,2,0,0.07549052255973035
3607,2,0,0.00896970523143705
3608,2,0,0.011537051567122121
3609,2,0,0.004908379796118882
3610,2,0,0.0025676337854742513
3611,2,1,0.02179573998594818
3612,2,0,0.0005098122332142197
3613,2,0,0.00034505652852264405
3614,2,0,0.00010106776333456635
3615,2,0,7.621916158804185e-05
3616,2,0,8.736859018871036e-05
3617,2,0,0.0005601146281876352
3618,2,0,0.0008141585570675603
3619,2,0,0.0003535609392653104
3620,2,0,0.00019680409149424398
3621,2,0,7.617157862111147e-05
3622,2,0,0.0002996000244153115
3623,2,0,9.871693040277028e-05
3624,2,0,0.00019437141110505176
3625,2,0,0.00041545349169137797
3626,2,0,0.002023613137892679
3627,2,0,6.030206357011512e-05
3628,2,0,0.00013912755835687697
3629,2,0,0.00043624713941093545
3630,2,0,0.0009406851858839519
3631,2,0,2.841606985849088e-05
3632,2,0,0.00014977449000224208
3633,2,0,0.0005485068939722763
3634,2,0,0.00023185406243889534
3635,2,0,0.00040959610511932955
3636,2,0,0.002070890957172763
3637,2,0,0.0001639871264579773
3638,2,0,0.0008862114503319693
3639,2,0,0.0006903127787685093
3640,2,0,0.0005845069161468343
3641,2,0,0.001039820773545539
3642,2,0,0.013043871131483697
3643,2,0,0.0005430993804379202
3644,2,0,0.0001404372831275418
3645,2,0,0.0007435151121464162
3646,2,0,0.0010859067493371017
3647,2,0,0.0010995697594289682
3648,2,0,0.0028303562927536326
3649,2,0,0.000881626967000027
3650,2,0,0.0004581260189933753
3651,2,0,0.0023538167279214695
3652,2,0,0.0026844026071157663
3653,2,0,0.0006978544911688139
3654,2,0,0.001488649498429487
3655,2,0,0.0010171841332291774
3656,2,0,0.01394352592234394
3657,2,0,0.005777953317419311
3658,2,0,0.002201810060709884
3659,2,0,0.0002630289863472359
3660,2,0,0.007114211604326635
3661,2,0,0.0029031614937623813
3662,2,0,0.0007634637718247915
3663,2,0,0.0010380161416350074
3664,2,0,0.0010528074692637225
3665,2,0,0.0059182969498886
3666,2,0,0.0073658235087664375
3667,2,0,0.004122598375887454
3668,2,0,0.0019197375917722399
3669,2,0,0.001676150301346262
3670,2,0,0.0008702126010529991
3671,2,0,0.0014720662306776334
3672,2,0,0.0024682961227759244
3673,2,0,0.004226943509470127
3674,2,0,0.020928752357389467
3675,2,0,0.0021507712940101306
3676,2,0,0.003624077541370755
3677,2,0,0.03312368519931732
3678,2,0,0.0012934330411008572
3679,2,0,0.016266625327821912
3680,2,0,0.009152062564127936
3681,2,0,0.009844869548391241
3682,2,0,0.0022373043439976674
3683,2,0,0.007236960667712463
3684,2,1,0.4364574252410337
3685,2,0,0.03439931157434799
3686,2,0,0.05118247847178822
3687,2,0,0.0015810268993627823
3688,2,0,0.015660568450608352
3689,2,0,0.0074788493567575125
3690,2,0,0.01837768291521498
3691,2,0,0.04292123228305152
3692,2,0,0.0023621250730657827
3693,2,0,0.0008385726919619224
3694,2,0,0.038051429802680954
3695,2,1,0.006628788020754511
3696,2,0,0.000774545976748174
3697,2,0,0.00034186583064016213
3698,2,0,6.0104500381145324e-05
3699,2,0,0.00019234615853205427
3700,2,0,0.0026506737099212274
3701,2,0,0.0008729971429651626
3702,2,0,0.00042901191776677537
3703,2,0,0.001099698158691343
3704,2,0,0.000906556400824552
3705,2,0,8.920807636720334e-05
3706,2,0,0.0010104633635498643
3707,2,0,0.0001201277496071749
3708,2,0,0.002579016924185689
3709,2,0,0.0001747029676952953
3710,2,0,0.0001597050598828696
3711,2,0,0.00037827195708906567
3712,2,0,7.122634964727627e-05
3713,2,0,0.00022336595689828316
3714,2,0,0.00024482264868671633
3715,2,0,0.001082592023063051
3716,2,0,0.00017473905661625263
3717,2,0,0.000495135323487215
3718,2,0,0.0009154252418560138
3719,2,0,0.0017511200449153688
3720,2,0,0.0006389446379714839
3721,2,0,0.002502471947834697
3722,2,0,0.0005675992928537439
3723,2,0,0.00017707694863658053
3724,2,0,0.0062962789368991
3725,2,0,0.00041430049941655655
3726,2,0,0.00021950734050673755
3727,2,0,0.0003293501618118363
3728,2,0,0.0019997563966989485
3729,2,0,0.041449200622398555
3730,2,0,0.0021564890307892823
3731,2,0,0.0003459417195785987
3732,2,0,0.002084237983557454
3733,2,0,0.0007002914865950757
3734,2,0,0.001036477529194487
3735,2,0,0.12245561465190553
3736,2,0,0.0002877783437507924
3737,2,0,0.0029614572286850278
3738,2,0,0.002007061979404785
3739,2,0,0.0004409537178713307
3740,2,0,0.009688706623557825
3741,2,0,0.0010849478608333444
3742,2,0,0.0009399768429468121
3743,2,0,0.0005609470175168135
3744,2,0,0.03507695239557312
3745,2,0,0.0006652701609206819
3746,2,0,0.0035915598244661614
3747,2,0,0.00176520903458072
3748,2,0,0.0017989790759838776
3749,2,0,0.0034411807413927058
3750,2,0,0.0004137166075532513
3751,2,0,0.008093697796573224
3752,2,0,0.0012257193143588609
3753,2,0,0.018070719531625125
3754,2,0,0.005324798817846605
3755,2,0,0.013365913205720805
3756,2,0,0.0008414837333040735
3757,2,0,0.0004952814666473778
3758,2,0,0.023276388109953326
3759,2,0,0.012557127362421571
3760,2,1,0.007722021856577586
3761,2,0,0.0012775470969977284
3762,2,0,0.0027040602550581347
3763,2,0,0.025210236403016225
3764,2,0,0.05345869766904916
3765,2,0,0.07733040196904575
3766,2,0,0.06334307237921652
3767,2,0,0.010281655545938328
3768,2,0,0.002455975845750446
3769,2,0,0.019674993524113366
3770,2,0,0.0021094358057091134
3771,2,0,0.024665422317905566
3772,2,0,0.018710461529819124
3773,2,0,0.005506772223063326
3774,2,0,0.03051998137693347
3775,2,0,0.00456841981753888
3776,2,0,0.006886193028859289
3777,2,0,0.007957248966367023
3778,2,0,0.0018706252760029819
3779,2,0,0.00010353622824335768
3780,2,0,0.00023076043950873715
3781,2,0,0.0004470886698782745
3782,2,0,0.00013097646181581098
3783,2,0,0.0004100515009055091
3784,2,0,0.00030525832078538397
3785,2,0,0.00017540707708045452
3786,2,0,0.0003190940426972979
3787,2,1,0.0005315120238141895
3788,2,0,0.004671935725158018
3789,2,0,0.0002354416990993592
3790,2,0,0.0015871073307307856
3791,2,0,0.0013048536355485163
3792,2,0,4.032612255519801e-05
3793,2,1,0.0012773352459685458
3794,2,0,0.0005117438927485362
3795,2,0,0.000123311064349482
3796,2,0,0.00014887552076374617
3797,2,0,0.0009275144736385619
3798,2,0,0.0002852179183234549
3799,2,0,7.931335415704418e-05
3800,2,0,0.0005875414027162802
3801,2,0,0.00034095662964979786
3802,2,0,0.0013182005075891593
3803,2,0,0.000426284869833489
3804,2,0,0.00011793317445668175
3805,2,0,0.00047237270625286813
3806,2,1,0.0002512123275703765
3807,2,0,0.0002390580282723514
3808,2,0,0.00016472216881314108
3809,2,0,0.01993214574341436
3810,2,0,0.0008373407433477709
3811,2,0,0.000145414913472221
3812,2,0,0.005471639149795024
3813,2,0,0.0032423069448005316
3814,2,1,0.029612840120392017
3815,2,0,0.00043086998781272307
3816,2,0,0.007855398185284503
3817,2,0,0.013795785608315226
3818,2,0,0.0029051020020943656
3819,2,0,0.0011606949256510086
3820,2,0,0.0007446581597628452
3821,2,0,0.0007200716088808124
3822,2,0,0.002456821844037369
3823,2,0,0.0010531941752374744
3824,2,0,0.0004283770214535542
3825,2,0,0.0061459543296766995
3826,2,0,0.0018810490179541875
3827,2,0,0.0016941472146043501
3828,2,0,0.0014092175956997954
3829,2,1,0.003572233187597711
3830,2,0,0.002729140383618343
3831,2,0,0.002313621381668478
3832,2,0,0.003976164224908719
3833,2,0,0.0013501333477513864
3834,2,0,0.02878164181475513
3835,2,0,0.0026323469163219474
3836,2,0,0.007590190162903082
3837,2,0,0.0221393385417733
3838,2,0,0.005999282923584992
3839,2,0,0.0011441369614165365
3840,2,0,0.0023513886647177516
3841,2,0,0.02693090688713618
3842,2,0,0.00896379922191944
3843,2,0,0.05817079093080383
3844,2,0,0.026035100444288924
3845,2,0,0.0019255443432261157
3846,2,0,0.014428653557725848
3847,2,0,0.012637892738606367
3848,2,0,0.0032237371729064474
3849,2,0,0.006280436035453978
3850,2,0,0.0024138632617023556
3851,2,0,0.020789220187191638
3852,2,0,0.02301132085706468
3853,2,0,0.007705765590651664
3854,2,1,0.8506539553702067
3855,2,0,0.0015100594822115081
3856,2,0,0.1861962018438305
3857,2,0,0.00926565441099239
3858,2,0,0.011249857101774265
3859,2,0,0.016561271047554022
3860,2,0,0.002846470115386494
3861,2,0,0.00901214760746917
3862,2,0,0.025331836236656788
3863,2,0,0.0026064392931085807
3864,2,0,0.004581557931633947
3865,2,1,0.010339234409827472
3866,2,0,0.0007363313279042955
3867,2,1,0.15929665063029236
3868,2,0,0.0001899318688679533
3869,2,0,0.0007180863090046479
3870,2,0,0.000742814046383677
3871,2,0,0.0001422168557424993
3872,2,0,0.0003304833253637065
3873,2,0,0.0003110304045781603
3874,2,0,0.0006263328224026715
3875,2,0,0.0020291885762242444
3876,2,0,0.00010530158982528157
3877,2,0,0.0015642793895653396
3878,2,0,0.00021714995501190764
3879,2,0,0.00321100308253151
3880,2,0,4.2931402100169567e-05
3881,2,0,0.0016674281740045077
3882,2,0,0.00035584176981476697
3883,2,0,0.00044493284779860117
3884,2,0,0.00042470034253829734
3885,2,0,0.00016739958254380553
3886,2,0,0.002863436312829961
3887,2,0,0.006685508075614675
3888,2,0,0.0006515872087693588
3889,2,0,0.006282677017477601
3890,2,0,0.008116936335309317
3891,2,0,0.0017249389879292127
3892,2,0,0.0030990842287337635
3893,2,0,0.0015441393856234554
3894,2,0,0.000433284008188185
3895,2,0,0.0009685068522996878
3896,2,0,0.00036871164350517674
3897,2,0,0.0004241413189028724
3898,2,0,7.553903920968607e-05
3899,2,0,0.0003596391327360112
3900,2,0,0.013502205778434266
3901,2,0,0.0002216096935273614
3902,2,0,0.001277411437094726
3903,2,0,0.0004948587175211485
3904,2,0,0.008831485475273888
3905,2,0,0.0004729635981582891
3906,2,0,0.09947395721386047
3907,2,0,0.0008290366730288912
3908,2,0,0.0034389934973104762
3909,2,0,0.0015895991525426412
3910,2,0,0.002995921565888704
3911,2,0,0.004459252027927818
3912,2,0,0.00161746689518633
3913,2,0,0.0006501667202962343
3914,2,0,0.0004197414334422343
3915,2,0,0.0013530493168707539
3916,2,0,0.00046442964197985717
3917,2,0,0.0006558702861164604
3918,2,0,0.013949882362227864
3919,2,0,0.0013857787207554094
3920,2,0,0.01268565437446135
3921,2,0,0.004532789793286896
3922,2,0,0.0031777894694619466
3923,2,0,0.003344681410930005
3924,2,0,0.0037270636904834595
3925,2,0,0.0009810539445580745
3926,2,0,0.005290687410544387
3927,2,0,0.001271719386314525
3928,2,1,0.5284399426083916
3929,2,0,0.0023765041194619284
3930,2,0,0.009772008242124361
3931,2,0,0.0018013011036523516
3932,2,0,0.012297764714038187
3933,2,0,0.0032050751482636023
3934,2,0,0.004137263921665283
3935,2,1,0.4400230057317318
3936,2,0,0.007684393991930716
3937,2,0,0.006826961283674298
3938,2,0,0.002922772986650443
3939,2,0,0.14052493669826263
3940,2,0,0.14634743545890225
3941,2,0,0.013719910030426925
3942,2,0,0.015079002234870173
3943,2,1,0.8173968160953922
3944,2,0,0.037802958735809244
3945,2,0,0.00012979099642533543
3946,2,0,6.598121894479965e-05
3947,2,0,0.00013145531204562257
3948,2,0,6.704066436084083e-05
3949,2,0,0.0012529023390333576
3950,2,0,0.0002432978318098611
3951,2,0,4.4049858783603066e-05
3952,2,0,7.401316831240736e-05
3953,2,0,0.00012413179915550854
3954,2,0,0.00029265289161880983
3955,2,0,0.002832444267370709
3956,2,0,0.00022763942999001535
3957,2,0,0.0017164081888286446
3958,2,0,0.00823955035866629
3959,2,0,0.00018253981345860216
3960,2,0,0.0010096189225563578
3961,2,0,0.00016163861986745053
3962,2,0,0.00017355542018558385
3963,2,0,0.00022005043188766754
3964,2,0,0.00038565308430711355
3965,2,0,0.0002387804870177088
3966,2,0,0.00037760571354875474
3967,2,0,0.001674798436750183
3968,2,0,0.00019275281903660945
3969,2,0,0.0004190737073312773
3970,2,0,0.000564060429479463
3971,2,0,0.0005860584070959678
3972,2,0,0.0001584453820418133
3973,2,0,0.0021985086745705236
3974,2,0,0.0004271896798268694
3975,2,0,0.0030311018494003647
3976,2,0,0.0006696232678486482
3977,2,0,0.0002868176730334828
3978,2,0,0.0015782577572732257
3979,2,0,0.0008542000773891714
3980,2,0,0.0013424404508115412
3981,2,0,0.001220484683088898
3982,2,0,0.014138665148874147
3983,2,0,0.0025893745613686293
3984,2,0,0.0012423878637465324
3985,2,0,0.008108945670484712
3986,2,0,0.00012893952374164031
3987,2,0,0.0014468572623056108
3988,2,0,0.003977669966400787
3989,2,0,0.0007774885731524603
3990,2,0,0.0004518393519952321
3991,2,0,0.004580733416553496
3992,2,0,0.0016708405474314912
3993,2,0,0.002285545391055528
3994,2,0,0.0010075403880282338
3995,2,0,0.0009398121445601883
3996,2,0,0.0011927595517331959
3997,2,0,0.04753480184797305
3998,2,0,0.0021367667247054875
3999,2,0,0.006591628312049022
4000,2,0,0.02674903335494233
4001,2,0,0.004363586419936514
4002,2,1,0.4555450554857872
4003,2,0,0.003892305469276051
4004,2,0,0.08870956045119649
4005,2,0,0.012729590180774911
4006,2,0,0.018437237657221276
4007,2,0,0.021413124850563955
4008,2,0,0.004055484222352334
4009,2,0,0.008589848778546164
4010,2,0,0.007642307065239147
4011,2,0,0.11068537240106102
4012,2,0,0.032194482504001566
4013,2,0,0.016046272167192385
4014,2,0,0.010450184704305799
4015,2,0,0.008025715022668701
4016,2,0,0.003147648904392711
4017,2,0,0.011433187043346183
4018,2,0,0.0014685237503434228
4019,2,0,0.06917105137678917
4020,2,0,0.021845839370271215
4021,2,0,0.007017444840152162
4022,2,0,0.0055965157495435
4023,2,0,0.036231524876858254
4024,2,1,0.380727446955823
4025,2,0,0.0023466250623861828
4026,2,0,0.00401708714876764
4027,2,0,0.01692139957049985
4028,2,0,0.020977215700263792
4029,2,0,0.003773684872681367
4030,2,0,0.09686752029136735
4031,2,0,0.019636122867238263
4032,2,1,0.08653084754393742
4033,2,0,0.014611500789990493
4034,2,1,0.0030781710787475907
4035,2,0,3.3348297129587854e-05
4036,2,0,0.001617568973379844
4037,2,0,0.00014651558312250487
4038,2,0,6.778576152320458e-05
4039,2,0,0.00045794292268617337
4040,2,0,0.00018205508617099677
4041,2,0,6.496666022159894e-05
4042,2,0,0.0004410901388725848
4043,2,0,0.0006423649806217044
4044,2,1,0.000716305629050458
4045,2,0,0.00010076360236276242
4046,2,0,0.0005156756249304493
4047,2,0,0.0011280600781940831
4048,2,1,0.46595958083327405
4049,2,0,0.0005617652145970582
4050,2,0,0.0016294284050044627
4051,2,0,0.0005708117749850701
4052,2,0,0.0005456946923035888
4053,2,0,0.012335977628309612
4054,2,0,0.0005391586155876353
4055,2,0,0.00032262609857109
4056,2,0,0.000718802694097182
4057,2,0,0.0003076309334129668
4058,2,0,0.002030819008317595
4059,2,0,0.0013877150465711106
4060,2,0,0.007219082679957616
4061,2,0,0.000577049035271309
4062,2,0,0.0010891690347157215
4063,2,0,0.0006006171549836916
4064,2,0,0.005299098360634934
4065,2,0,0.0003003393352295218
4066,2,0,0.003635224071488376
4067,2,0,0.01041539386973757
4068,2,0,0.0038712219513525204
4069,2,0,0.0021714699358409842
4070,2,0,0.03580182407050821
4071,2,1,0.46550546021588446
4072,2,0,0.0006386902571083937
4073,2,0,0.0018838162588999908
4074,2,0,0.0014583819331860043
4075,2,0,0.0028896141047633755
4076,2,0,0.0007220104757184493
4077,2,0,0.008989655712108578
4078,2,1,0.060929768032815565
4079,2,0,0.004521356226501647
4080,2,1,0.0674304568101389
4081,2,1,0.05631971887563201
4082,2,0,0.003865956166726567
4083,2,0,0.0011706349620153333
4084,2,0,0.0024950187717793235
4085,2,0,0.0009431346947054118
4086,2,0,0.0017681628949140279
4087,2,1,0.047830027520051895
4088,2,0,0.003966177311722494
4089,2,0,0.007403741935313281
4090,2,0,0.023041448955383348
4091,2,0,0.000867597871553589
4092,2,0,0.0011803956017851943
4093,2,0,0.0005652505386473533
4094,2,0,0.0017115478722417113
4095,2,0,0.003936525620981304
4096,2,1,0.02780792979271071
4097,2,0,0.0008899521023737277
4098,2,0,0.0014204100786394524
4099,2,0,0.02826920833136271
4100,2,0,0.006302092557298513
4101,2,0,0.005958183464959696
4102,2,0,0.021769487244068783
4103,2,0,0.00808321774891279
4104,2,0,0.025335308130466198
4105,2,0,0.004127626655139652
4106,2,0,0.06926341614689863
4107,2,0,0.008351652099509678
4108,2,0,0.005175426961378453
4109,2,0,0.03983887233265689
4110,2,0,0.008701028185184636
4111,2,0,0.01798504302397347
4112,2,0,0.003364607195567985
4113,2,0,0.09019428642557922
4114,2,0,0.07542274876632439
4115,2,0,0.07318031698047084
4116,2,0,0.3386213322577462
4117,2,1,0.1525239137358698
4118,2,0,0.020434453429283274
4119,2,1,0.005211122957647755
4120,2,1,0.011570487799249227
4121,2,1,0.016622392963207843
4122,2,0,0.00036575022883999646
4123,2,0,0.00013209427031508694
4124,2,0,0.003251615964543889
4125,2,0,9.65174911855114e-05
4126,2,0,0.00015554972532091178
4127,2,0,0.0001914061497104912
4128,2,0,4.304159558645134e-05
4129,2,0,0.00022274287722728238
4130,2,1,0.021503470774456614
4131,2,0,0.002033390059591222
4132,2,0,0.0037042848565420235
4133,2,0,0.000274699420177983
4134,2,0,0.00015594333889469862
4135,2,0,0.00023866859864180113
4136,2,0,0.004725378439352588
4137,2,0,0.002562255017912011
4138,2,1,0.008293105881910543
4139,2,0,9.514321886637743e-05
4140,2,1,0.04083194551458258
4141,2,0,0.00013164094590509907
4142,2,0,0.005603728784763932
4143,2,0,0.0005887241629386767
4144,2,0,0.00043917778245247137
4145,2,0,0.0023854592996894667
4146,2,0,0.0008902195364436085
4147,2,0,0.0006529507301346549
4148,2,0,0.0016045002061541563
4149,2,0,0.0016114912962239916
4150,2,0,0.0007610663133668387
4151,2,1,0.0013400941073486074
4152,2,0,0.0010163932087702183
4153,2,1,0.0017633519855252112
4154,2,0,0.0009824013687208294
4155,2,1,0.0007125412576551858
4156,2,0,0.0006743706113724583
4157,2,1,0.02915292245525765
4158,2,0,0.000854926690342055
4159,2,0,0.0006947734600998743
4160,2,0,0.0005210493219538895
4161,2,0,0.0007861182925837464
4162,2,0,0.00023560960922460716
4163,2,0,0.0014903207934456534
4164,2,1,0.0021602447961799605
4165,2,0,0.0016650319205635399
4166,2,0,0.028060393641372642
4167,2,0,0.0004930146540255444
4168,2,0,0.0007061698983518038
4169,2,0,0.00153894110291402
4170,2,1,0.008715811228221642
4171,2,0,0.0011432756904000078
4172,2,0,0.013110535553626831
4173,2,1,0.004357025720258087
4174,2,0,0.0014610033675718616
4175,2,0,0.0018399874954659042
4176,2,0,0.0038905313934568374
4177,2,0,0.0018485961069806876
4178,2,0,0.003303353377778152
4179,2,1,0.002943867706940318
4180,2,0,0.0014755038517147569
4181,2,0,0.004397995064352259
4182,2,1,0.06353356036847081
4183,2,0,0.03448403087331279
4184,2,1,0.02935899767262407
4185,2,1,0.008275151512204771
4186,2,0,0.001757599817838926
4187,2,0,0.0016934046772576928
4188,2,0,0.0013864359466629079
4189,2,0,0.0009843393262874876
4190,2,0,0.002240535086949991
4191,2,0,0.1887097152872703
4192,2,0,0.007603052712130985
4193,2,0,0.007171806736659622
4194,2,0,0.0176167848425098
4195,2,0,0.00904829478066622
4196,2,0,0.0034411040322031533
4197,2,0,0.007739333042472429
4198,2,0,0.009816244803155209
4199,2,0,0.0036012679549794467
4200,2,0,0.004183134262839154
4201,2,0,0.08420979989415657
4202,2,0,0.027500180999049197
4203,2,0,0.0014122933625218665
4204,2,0,0.032151933845403054
4205,2,0,0.003903238376656378
4206,2,0,0.005501416064780668
4207,2,1,0.009178981829315334
4208,2,0,6.87446518853125e-05
4209,2,0,0.0004440401583722502
4210,2,0,0.00011900398732993332
4211,2,1,0.0009648975529924402
4212,2,0,0.024723339852558354
4213,2,0,0.0001909980608611399
4214,2,0,0.0002502744998211568
4215,2,0,0.001714664200408623
4216,2,0,0.0012043145006160566
4217,2,0,0.00012154064357085038
4218,2,0,0.00019838405636455976
4219,2,0,0.00010447349935580805
4220,2,0,0.030990747819377367
4221,2,0,0.00018648635135439111
4222,2,0,0.0002909186561943466
4223,2,0,0.0002784456870380316
4224,2,0,0.00015426896885141535
4225,2,1,0.0011526894257928328
4226,2,0,0.0006804086205947301
4227,2,0,0.0008007153758200707
4228,2,0,0.005571531324812974
4229,2,0,0.0008548631914942951
4230,2,0,0.0006363005528833717
4231,2,0,0.0006965220997999222
4232,2,0,0.0005953447037982758
4233,2,0,0.0018269618731680142
4234,2,0,0.0001527392204677977
4235,2,0,0.0004596010116478399
4236,2,0,0.0036056680166979774
4237,2,0,0.0003722606439124015
4238,2,0,0.00014016734100671087
4239,2,0,0.0001761347431044615
4240,2,0,0.000566915909605283
4241,2,0,0.0075371671783372755
4242,2,0,0.007901806670573636
4243,2,0,0.0005806432396992758
4244,2,0,0.0005888568400279878
4245,2,0,0.00254022110295101
4246,2,0,0.00045365838086686464
4247,2,1,0.09633659115095551
4248,2,0,0.0005451077458264315
4249,2,1,0.024787651068963915
4250,2,0,0.0065923047734187945
4251,2,1,0.016566588516494306
4252,2,0,0.013653569133480755
4253,2,1,0.0016636622598048209
4254,2,1,0.3834947454357895
4255,2,0,0.012423217742344572
4256,2,0,0.0007289906824128797
4257,2,0,0.003789346107842684
4258,2,1,0.06038065519862633
4259,2,0,0.0008931670809083569
4260,2,0,0.001476459983429812
4261,2,0,0.00153427972986593
4262,2,0,0.006969879879653837
4263,2,0,0.004711946596766079
4264,2,0,0.003568811436067514
4265,2,0,0.0005885790758704695
4266,2,0,0.0012104335987690226
4267,2,0,0.011167928479923147
4268,2,0,0.0021912882836876754
4269,2,0,0.013627853599164888
4270,2,1,0.016715572063277895
4271,2,0,0.004127352624485169
4272,2,0,0.004904364662165109
4273,2,0,0.0012221994190531786
4274,2,0,0.002560917342351006
4275,2,0,0.0013526653477411669
4276,2,0,0.0236889290622467
4277,2,0,0.00427043937314796
4278,2,0,0.04919883458616864
4279,2,1,0.005571953945139308
4280,2,0,0.007623851677648503
4281,2,0,0.0036679425680025564
4282,2,1,0.020765215332436124
4283,2,1,0.3218999082314722
4284,2,0,0.008879564688839396
4285,2,1,0.012530438781667886
4286,2,0,0.033390839198249186
4287,2,0,0.0031868257368827613
4288,2,0,0.04663123983260731
4289,2,0,0.002599497659654567
4290,2,0,0.008600357284416615
4291,2,0,0.02808726650995392
4292,2,1,0.33126989915140326
4293,2,0,0.014743337399343505
4294,2,0,0.005512854821824688
4295,2,0,0.009181658410389907
4296,2,1,0.9734509947185123
4297,2,0,0.008428021258541996
4298,2,0,0.00013189642729940853
4299,2,0,0.0014495188588962247
4300,2,0,0.0002364175992693544
4301,2,0,0.005638143584516528
4302,2,0,0.4680970415633507
4303,2,0,0.0014254834391387167
4304,2,0,5.685604232182228e-05
4305,2,0,5.898041964655803e-05
4306,2,0,0.00025089966174904034
4307,2,1,0.02208953020278867
4308,2,0,0.0013047191744024289
4309,2,0,0.00023939742680515824
4310,2,0,0.0002010903873984291
4311,2,0,0.0002416747116049774
4312,2,0,0.0012820337841157113
4313,2,0,0.003760715323151994
4314,2,0,0.0001519231372533956
4315,2,0,0.00012462071189967694
4316,2,0,0.00047992733128722026
4317,2,0,0.000566935570934219
4318,2,0,0.0021832741083450354
4319,2,0,0.0006454770599076606
4320,2,0,0.0006574873348377755
4321,2,0,0.0002786478828270468
4322,2,0,0.0007140167219813177
4323,2,1,0.0022481975480756803
4324,2,0,0.0016930483189910377
4325,2,0,0.03554638648076993
4326,2,1,0.018735628824462603
4327,2,0,0.00019308701298061744
4328,2,1,0.0011825361480589443
4329,2,0,0.0001252147594399966
4330,2,0,0.0014480765244551037
4331,2,0,0.0016094106081670115
4332,2,0,0.00074929491075289
4333,2,0,0.000685749084971226
4334,2,0,0.0021418078651470264
4335,2,0,0.0031720476754227784
4336,2,0,0.024979536220989296
4337,2,0,0.002121548691359416
4338,2,0,0.0013277888782506405
4339,2,0,0.02040298388873697
4340,2,0,0.0028737159772819023
4341,2,0,0.0033043395203432124
4342,2,1,0.3646444989791549
4343,2,0,0.0016096673156227805
4344,2,0,0.017347777978861997
4345,2,0,0.0033768446749576457
4346,2,0,0.0005399115586117762
4347,2,0,0.000853960598335775
4348,2,0,0.015651614916157137
4349,2,0,0.0008547754236243836
4350,2,0,0.003018151731717431
4351,2,0,0.004821296252176288
4352,2,0,0.0033087308454807806
4353,2,1,0.44749597565638505
4354,2,0,0.4209873858592603
4355,2,1,0.031701396820913046
4356,2,0,0.002299094024662575
4357,2,0,0.07334902083815195
4358,2,0,0.002670624335826132
4359,2,0,0.003309915522804548
4360,2,0,0.0028188227544216986
4361,2,1,0.010665110243230138
4362,2,0,0.024395732737616384
4363,2,0,0.0042079311481720075
4364,2,0,0.001003566754793687
4365,2,0,0.06277232884377325
4366,2,0,0.06472092115458294
4367,2,0,0.007070725502632034
4368,2,0,0.0026857694278598953
4369,2,0,0.0032985481322558925
4370,2,1,0.17542845734823453
4371,2,0,0.009426248150582761
4372,2,0,0.0070957188782934544
4373,2,0,0.0043786364583619074
4374,2,0,0.005915746303472592
4375,2,0,0.0014510335599698856
4376,2,0,0.004396965065889943
4377,2,0,0.08232245498070515
4378,2,0,0.01663243486868391
4379,2,0,0.01616950444970773
4380,2,0,0.09461442994829508
4381,2,0,0.027795583387300704
4382,2,0,0.028523634554593263
4383,2,1,0.8236162737756215
4384,2,0,0.025546729544712994
4385,2,1,0.056544841539753726
4386,2,0,0.00040568076127715276
4387,2,0,0.0003234267480361364
4388,2,0,7.520812465493525e-05
4389,2,1,0.00012184099731115036
4390,2,0,0.0003527835732482943
4391,2,1,0.0012723940506929139
4392,2,0,0.0008485663933923534
4393,2,0,0.00011196252004927579
4394,2,0,0.004269009218939831
4395,2,0,0.00047768292627122216
4396,2,0,0.00011716926213920784
4397,2,0,0.0003292964562647833
4398,2,0,0.0003619718717389253
4399,2,0,0.00014519762599133677
4400,2,1,0.0018662049501584946
4401,2,0,0.0006510658261939591
4402,2,0,5.226661953506315e-05
4403,2,0,0.0028187853844282374
4404,2,0,0.002262845988801157
4405,2,1,0.0003396129561626016
4406,2,1,0.019674165235838887
4407,2,0,0.020174147857347613
4408,2,0,0.0011583677851604907
4409,2,1,0.007633341272533678
4410,2,0,0.0002242976758556841
4411,2,0,0.0007891768118429704
4412,2,0,0.0011015803991159777
4413,2,0,0.0014602487540911402
4414,2,0,0.0009484448185331891
4415,2,0,0.0027185470647526355
4416,2,0,0.0003215432973207876
4417,2,1,0.4388004495072249
4418,2,0,0.0009495349943172376
4419,2,1,0.5484723575555838
4420,2,0,0.0004186218594514909
4421,2,1,0.12813050396049214
4422,2,0,0.007613161989645232
4423,2,0,0.0019504890555424098
4424,2,0,0.00042508749868193195
4425,2,0,0.0012523625562970322
4426,2,0,0.0014928756952901695
4427,2,1,0.004206691112062002
4428,2,0,0.0015594959574309047
4429,2,0,0.0047417709073041825
4430,2,0,0.0009846826102169672
4431,2,0,0.06876399045938117
4432,2,0,0.009327214329216993
4433,2,0,0.0034895459667862914
4434,2,0,0.0007250909415620146
4435,2,1,0.014641062239248303
4436,2,0,0.0018953779031187436
4437,2,0,0.0006457738438892199
4438,2,0,0.05582893572750572
4439,2,0,0.08312386252296823
4440,2,0,0.006593490634400541
4441,2,1,0.010994552723277288
4442,2,0,0.0020501289118561097
4443,2,0,0.22860502759093945
4444,2,0,0.05779150781245743
4445,2,0,0.004178543811938263
4446,2,0,0.0039281779393316495
4447,2,0,0.005605183249544977
4448,2,1,0.03206839111877829
4449,2,1,0.06534256772815131
4450,2,0,0.005331264110528184
4451,2,0,0.016728508670897042
4452,2,0,0.0017582043740286867
4453,2,0,0.12087036099899978
4454,2,0,0.030415721315660848
4455,2,0,0.0006116974589925348
4456,2,0,0.04706881056157333
4457,2,0,0.00213964651785912
4458,2,0,0.07219024779052456
4459,2,0,0.003740641649367524
4460,2,0,0.0037890981402085334
4461,2,0,0.004008351855285948
4462,2,1,0.7205796717086074
4463,2,0,0.025108757901405206
4464,2,0,0.00604179531103322
4465,2,0,0.008298488953206931
4466,2,0,0.011177455357421671
4467,2,0,0.03253100485557476
4468,2,0,0.009551582010701595
4469,2,1,0.00862363389336657
4470,2,0,8.213168278991176e-05
4471,2,0,7.311342777299277e-05
4472,2,0,0.0035411315467833923
4473,2,0,0.00013133834074704017
4474,2,0,0.00012156741664032318
4475,2,1,5.5677731731660516e-05
4476,2,0,0.0038129084398493282
4477,2,0,0.0003616556170723321
4478,2,0,0.0003688016497051007
4479,2,0,0.0003443645529065536
4480,2,1,0.0017008969780536603
4481,2,0,9.841902160491231e-05
4482,2,0,0.00023518557062466504
4483,2,0,0.0008348742221120017
4484,2,0,0.0004121257186552339
4485,2,0,0.0002104761668394095
4486,2,0,0.000423842543097388
4487,2,0,6.52322930069535e-05
4488,2,0,0.00019717427310107335
4489,2,0,0.0004897194802977881
4490,2,0,0.0007815811653177801
4491,2,0,0.007507459550604386
4492,2,0,0.026799199208320156
4493,2,0,0.00038834462781782984
4494,2,0,0.00017001950870350433
4495,2,1,0.025627504232734057
4496,2,0,0.0007371708608056314
4497,2,0,0.0003537628824548484
4498,2,0,0.0008591085811962602
4499,2,0,0.0002853185751238556
4500,3,0,0.04129742926703332
4501,3,1,0.12137017923646397
4502,3,0,0.005381433731192274
4503,3,0,0.027080991887780306
4504,3,0,0.0150649064170835
4505,3,0,0.07553181536400042
4506,3,0,0.011408386462838786
4507,3,0,0.03456493680425991
4508,3,0,0.08130168142891034
4509,3,0,0.03874207447129351
4510,3,1,0.7075305230444155
4511,3,0,0.04463814344985365
4512,3,0,0.10944014266384708
4513,3,0,0.04079378794759016
4514,3,0,0.009256684840214805
4515,3,0,0.10819600476103448
4516,3,0,0.04199876926583689
4517,3,0,0.004533562417117131
4518,3,0,0.12186774416849985
4519,3,0,0.013678891731401693
4520,3,0,0.1454890345711181
4521,3,0,0.027448803063343723
4522,3,0,0.02115416981049871
4523,3,0,0.25965463416206347
4524,3,0,0.02880716267211813
4525,3,0,0.03570291677420554
4526,3,0,0.03426852868760364
4527,3,1,0.03313083425305621
4528,3,0,0.040778182366368806
4529,3,0,0.019030121334421213
4530,3,0,0.06953211949904498
4531,3,0,0.07765369922331365
4532,3,0,0.027890387386770472
4533,3,1,0.23185868726639175
4534,3,0,0.010287222827559981
4535,3,0,0.02218864267358894
4536,3,1,0.04467091767897524
4537,3,0,0.02794794985290354
4538,3,0,0.07253277870991244
4539,3,0,0.02509401949800378
4540,3,0,0.035853156091175196
4541,3,0,0.15815249077633006
4542,3,0,0.0177971564716457
4543,3,0,0.07911064728792815
4544,3,1,0.44676651846603876
4545,3,0,0.0959228408516918
4546,3,0,0.05915309763045151
4547,3,0,0.5815851960343751
4548,3,0,0.04242202866299266
4549,3,0,0.0663914920803212
4550,3,0,0.06603251548635074
4551,3,0,0.01605443278336001
4552,3,0,0.047893777421228495
4553,3,0,0.02598677068922861
4554,3,0,0.006479927624480728
4555,3,0,0.0023376772826645864
4556,3,1,0.02907116923733297
4557,3,0,0.0021192712541722274
4558,3,1,0.017753828951895992
4559,3,0,0.01337798847935377
4560,3,0,0.05104795855110191
4561,3,0,0.004972544199744489
4562,3,0,0.30199470760201036
4563,3,0,0.010831067527460205
4564,3,0,0.012339226557949778
4565,3,1,0.03969310735286737
4566,3,0,0.06856690658224633
4567,3,0,0.02021804074305958
4568,3,0,0.006202560361215967
4569,3,0,0.01560777679496656
4570,3,1,0.04279970287805425
4571,3,0,0.009023850532679642
4572,3,0,0.007896534622339557
4573,3,0,0.013482479252229508
4574,3,0,0.004775799542546236
4575,3,0,0.08149311195816797
4576,3,0,0.010379261668442408
4577,3,0,0.0058250155437027645
4578,3,0,0.01103669516062945
4579,3,1,0.037286158372628
4580,3,0,0.007299912804156004
4581,3,0,0.00817971576444428
4582,3,0,0.03256330135453024
4583,3,0,0.004945264041334874
4584,3,0,0.003917168470095113
4585,3,0,0.004507797842187369
4586,3,0,0.05415489690029376
4587,3,0,0.002800145005760073
4588,3,0,0.028017244320332372
4589,3,0,0.0160139853033548
4590,3,0,0.004392820135092578
4591,3,0,0.034697481600195965
4592,3,0,0.008494361936473571
4593,3,0,0.014764112957840055
4594,3,0,0.00787870658063845
4595,3,0,0.03538934705349122
4596,3,1,0.04273376680324638
4597,3,0,0.043118611587836586
4598,3,0,0.10675008612171293
4599,3,0,0.4944033039535907
4600,3,1,0.021062116723207062
4601,3,1,0.2196268090836979
4602,3,0,0.015169459426621266
4603,3,0,0.6896968980746054
4604,3,0,0.020032041637324742
4605,3,0,0.17764853111078185
4606,3,0,0.22556250243298875
4607,3,0,0.040245039185944374
4608,3,0,0.020962716341798172
4609,3,0,0.0678464888580305
4610,3,0,0.05346555380916547
4611,3,1,0.4125940468429523
4612,3,0,0.14663396762879458
4613,3,0,0.5062122420362318
4614,3,0,0.015972929242150408
4615,3,0,0.0627199647728992
4616,3,0,0.02752234193122464
4617,3,0,0.01599121769109371
4618,3,1,0.18680932383941873
4619,3,0,0.08231135164756621
4620,3,1,0.214386972225726
4621,3,1,0.15895311412257979
4622,3,0,0.02957163945995273
4623,3,0,0.0932688958416459
4624,3,0,0.020619422569245618
4625,3,0,0.2534736944276854
4626,3,0,0.025502709558916543
4627,3,0,0.09612216132735531
4628,3,0,0.06354004293312314
4629,3,0,0.022779021897955488
4630,3,0,0.014074880174413017
4631,3,0,0.06519891347717197
4632,3,1,0.2466226823642187
4633,3,0,0.26467205945704425
4634,3,0,0.09543614421929623
4635,3,0,0.06590727747280394
4636,3,0,0.1102374889735212
4637,3,0,0.05006306122800831
4638,3,0,0.016398254254323594
4639,3,0,0.05586769837009975
4640,3,0,0.04758595242506915
4641,3,0,0.12920429048179013
4642,3,1,0.22219464246107082
4643,3,1,0.407922688402725
4644,3,0,0.15001419363159632
4645,3,0,0.03179422753456411
4646,3,1,0.37457804496697755
4647,3,0,0.010606316909008881
4648,3,0,0.005365392281116967
4649,3,0,0.2860554499916361
4650,3,0,0.004522321354344972
4651,3,1,0.034298447702386395
4652,3,0,0.16438563778262358
4653,3,0,0.007132717009335963
4654,3,0,0.07487472755581291
4655,3,0,0.005676958952897819
4656,3,0,0.005838570291441085
4657,3,0,0.013284133852836067
4658,3,0,0.02143915838164856
4659,3,0,0.027047796532172604
4660,3,0,0.019256670608919512
4661,3,1,0.02276701137952051
4662,3,0,0.004171901115753193
4663,3,0,0.15791526423383864
4664,3,0,0.11421789498166803
4665,3,1,0.05866394862320513
4666,3,0,0.009613902446705689
4667,3,0,0.005395590569480044
4668,3,0,0.004355524165118784
4669,3,1,0.02191903727080834
4670,3,0,0.01739495279780767
4671,3,0,0.05134037445321131
4672,3,0,0.3183252124687084
4673,3,0,0.007232086887741271
4674,3,0,0.02793453131460892
4675,3,0,0.01281393068915678
4676,3,0,0.0098716573279191
4677,3,0,0.0757385264670201
4678,3,0,0.014919060350443367
4679,3,0,0.01743042952368589
4680,3,0,0.022265106686376678
4681,3,0,0.027013908798168184
4682,3,0,0.005922493746614174
4683,3,0,0.053324626187446454
4684,3,1,0.03083291988334849
4685,3,0,0.007467608888890433
4686,3,0,0.009736362900922876
4687,3,0,0.12013061695315831
4688,3,0,0.04443207821137636
4689,3,0,0.018264074234631767
4690,3,0,0.046086288767006316
4691,3,0,0.009058312894233091
4692,3,0,0.005690033385650785
4693,3,0,0.015637323456340734
4694,3,0,0.23392682492823585
4695,3,0,0.009583670911847838
4696,3,0,0.03285960508327494
4697,3,0,0.01398256206463384
4698,3,0,0.12128155448106705
4699,3,0,0.09505247598015382
4700,3,0,0.01412465117739672
4701,3,0,0.011990517010878745
4702,3,1,0.7431509173654284
4703,3,0,0.032034830050910734
4704,3,0,0.01583621603843399
4705,3,0,0.027889976314946927
4706,3,0,0.06819997614517301
4707,3,0,0.07631499463691076
4708,3,0,0.02769311722729151
4709,3,0,0.24930675109997205
4710,3,0,0.04230337780033786
4711,3,0,0.13020600658656786
4712,3,0,0.034050196741708026
4713,3,0,0.11855825998738781
4714,3,0,0.015482298958454913
4715,3,0,0.07975290217666449
4716,3,0,0.04666814178244795
4717,3,0,0.08683107760607098
4718,3,1,0.4955365266526529
4719,3,0,0.09804612112793008
4720,3,1,0.02978853427201435
4721,3,0,0.0616811222279156
4722,3,0,0.031146171667754245
4723,3,1,0.23306438636956114
4724,3,0,0.1302146626586083
4725,3,0,0.11986078633096801
4726,3,0,0.16894502326721245
4727,3,1,0.06342363811643806
4728,3,0,0.17217207862380898
4729,3,1,0.7376512933643391
4730,3,0,0.026861521010906702
4731,3,1,0.037744215045848746
4732,3,0,0.08430807340011655
4733,3,0,0.2187687505462249
4734,3,0,0.0782266610868076
4735,3,0,0.24317023000901977
4736,3,0,0.005356535747267633
4737,3,1,0.12239054473501593
4738,3,0,0.02017990337995054
4739,3,1,0.06944333277491223
4740,3,0,0.008272186936932109
4741,3,0,0.09399627832355323
4742,3,0,0.00584862319723564
4743,3,0,0.09360898015421253
4744,3,0,0.026097863296347414
4745,3,0,0.016369333705975337
4746,3,0,0.025086071694511703
4747,3,0,0.008608768151535447
4748,3,1,0.017333131969275127
4749,3,0,0.08183198142934973
4750,3,0,0.009739367839494553
4751,3,0,0.007405943961211102
4752,3,0,0.010386393454281375
4753,3,0,0.014297154398619373
4754,3,0,0.1448047545503233
4755,3,1,0.03043189045129497
4756,3,0,0.009908334612588332
4757,3,0,0.03363274829157536
4758,3,0,0.11619608586390738
4759,3,1,0.02249734909607473
4760,3,0,0.02138000566275564
4761,3,1,0.06593007889055948
4762,3,1,0.7494482495190607
4763,3,0,0.04622133165215073
4764,3,0,0.04963691611742139
4765,3,0,0.014726598262312323
4766,3,0,0.023483402500615865
4767,3,0,0.198126664206014
4768,3,1,0.07457032685416673
4769,3,0,0.013136299830229388
4770,3,1,0.04586152072238103
4771,3,0,0.022971669673260114
4772,3,0,0.004938579396250842
4773,3,0,0.10565984478407134
4774,3,0,0.010740060967898712
4775,3,0,0.009608372197702116
4776,3,0,0.011126756851596038
4777,3,0,0.007139691857548659
4778,3,1,0.19258121737129485
4779,3,0,0.021894317736115197
4780,3,0,0.049616537134964216
4781,3,0,0.03599217424961793
4782,3,0,0.15756633591995287
4783,3,0,0.041109964215169915
4784,3,0,0.017357351661188618
4785,3,0,0.09693390317940813
4786,3,0,0.08925796101468862
4787,3,0,0.025415631886287232
4788,3,0,0.0076135063503397805
4789,3,0,0.04515453005836566
4790,3,0,0.018258994229165014
4791,3,0,0.13641826833610066
4792,3,0,0.04922383944776669
4793,3,0,0.025082668669354716
4794,3,0,0.01174602145976272
4795,3,0,0.16067401263553144
4796,3,0,0.07144433187783517
4797,3,0,0.04577731805287884
4798,3,0,0.11220705552014225
4799,3,0,0.026036157853447053
4800,3,0,0.09776013225588473
4801,3,0,0.01301758864068718
4802,3,0,0.16282227837469618
4803,3,0,0.043759531065433635
4804,3,0,0.11436622040634561
4805,3,0,0.02482399672244256
4806,3,0,0.28725118442260855
4807,3,0,0.01942135947842476
4808,3,0,0.15715184296880652
4809,3,0,0.041403824378498044
4810,3,0,0.03597981828682242
4811,3,0,0.03301105244655765
4812,3,0,0.053144780634809
4813,3,0,0.08646104546750441
4814,3,1,0.46475870153707155
4815,3,0,0.013579951968205883
4816,3,1,0.030495432121306548
4817,3,0,0.004190302881496192
4818,3,0,0.006428677223444058
4819,3,0,0.005578417691687397
4820,3,0,0.0034470915706166336
4821,3,0,0.01387824287191049
4822,3,0,0.013967562636001287
4823,3,0,0.006069269328837878
4824,3,0,0.035035971660222355
4825,3,0,0.0061057240947216835
4826,3,0,0.07354901054370262
4827,3,0,0.45706066512600824
4828,3,0,0.00989417275569408
4829,3,0,0.005520012867731847
4830,3,0,0.011183626123277368
4831,3,1,0.10625824974824884
4832,3,0,0.02051903388931425
4833,3,1,0.004206889029128581
4834,3,0,0.016927600715281807
4835,3,0,0.0631964770741136
4836,3,1,0.3623673872636268
4837,3,0,0.010416120998680523
4838,3,0,0.003007989862415487
4839,3,0,0.05043376344768895
4840,3,1,0.4893536977761911
4841,3,0,0.020960522216039657
4842,3,0,0.11373970030210252
4843,3,0,0.010779122100438849
4844,3,1,0.03026041915669589
4845,3,0,0.005130264720791432
4846,3,0,0.003781858835175839
4847,3,0,0.028461853015876316
4848,3,0,0.12917254501720268
4849,3,0,0.023782329520115088
4850,3,0,0.4934088785876374
4851,3,1,0.10404907239701221
4852,3,0,0.020113404726172728
4853,3,0,0.0037156814557980354
4854,3,0,0.008896489988434524
4855,3,0,0.027638396649432583
4856,3,0,0.013577836737860675
4857,3,0,0.035863135408900855
4858,3,0,0.07753661585011187
4859,3,0,0.022360734822598132
4860,3,0,0.18286859502847352
4861,3,0,0.019402053264557788
4862,3,0,0.19970129567031217
4863,3,0,0.016186394611310013
4864,3,0,0.035469736799042174
4865,3,0,0.01783667322286135
4866,3,0,0.02723600347433108
4867,3,0,0.16317481373353565
4868,3,0,0.050779412260271564
4869,3,0,0.008628805824168303
4870,3,0,0.004351966051512539
4871,3,0,0.03518613859427447
4872,3,0,0.4242138661826632
4873,3,0,0.012971046907431602
4874,3,0,0.01075795119418591
4875,3,0,0.029383602614348282
4876,3,0,0.019992347796942117
4877,3,0,0.00821514243110168
4878,3,0,0.11628687683883755
4879,3,0,0.010532128895481146
4880,3,0,0.061695239582630956
4881,3,0,0.06653647916667059
4882,3,0,0.1234219900728709
4883,3,0,0.013647003432095217
4884,3,0,0.007863785184626057
4885,3,0,0.010745976821304197
4886,3,0,0.05349843221841428
4887,3,0,0.006352530161860427
4888,3,0,0.04619210800975629
4889,3,0,0.08182337498408708
4890,3,0,0.1729164244559604
4891,3,0,0.01980678106997508
4892,3,0,0.06773873923065217
4893,3,0,0.07534482822155635
4894,3,0,0.13798322705899307
4895,3,0,0.025616877969912664
4896,3,0,0.03026530439853741
4897,3,0,0.04058832565755199
4898,3,0,0.5818238278677644
4899,3,0,0.24927416752913592
4900,3,0,0.03378815702009385
4901,3,0,0.03228445290610542
4902,3,0,0.016468306552822776
4903,3,0,0.043489605932561716
4904,3,0,0.0699716313769443
4905,3,0,0.04954853370712776
4906,3,0,0.01230298236306957
4907,3,0,0.0032751475684982658
4908,3,0,0.03158360212317797
4909,3,0,0.01631661322448323
4910,3,0,0.0020349173461188808
4911,3,0,0.004061022870694235
4912,3,0,0.004689779520465328
4913,3,0,0.005169560028268956
4914,3,0,0.015478817216191935
4915,3,0,0.022895507057527666
4916,3,0,0.005620869816265176
4917,3,0,0.009529614602302958
4918,3,0,0.0074055796435588015
4919,3,0,0.010826822399802335
4920,3,1,0.837078226729237
4921,3,0,0.051502197272356706
4922,3,0,0.010023570439901262
4923,3,0,0.020837591074657588
4924,3,0,0.020517439992419218
4925,3,0,0.007356794440103465
4926,3,0,0.004400714058787848
4927,3,0,0.0028020230109751867
4928,3,0,0.010030398716597274
4929,3,0,0.007752454059704944
4930,3,0,0.016601789074442794
4931,3,0,0.006641318056758277
4932,3,0,0.021631020217102562
4933,3,0,0.009650029798305492
4934,3,0,0.013241312835431875
4935,3,0,0.026953766250783825
4936,3,1,0.8560252518439652
4937,3,0,0.018583811003907415
4938,3,0,0.0030390513201167726
4939,3,0,0.4193076983224111
4940,3,0,0.01578649029504923
4941,3,0,0.01220468132225649
4942,3,0,0.011452254541327485
4943,3,0,0.0125633769302548
4944,3,0,0.009710070418630638
4945,3,0,0.023574787117020306
4946,3,0,0.011630596239173592
4947,3,0,0.23065447793085983
4948,3,0,0.029021375410919266
4949,3,0,0.00602256346191243
4950,3,0,0.010400426586225288
4951,3,0,0.03110713231387085
4952,3,0,0.17024537167421172
4953,3,0,0.004725749817703704
4954,3,0,0.014583248800410552
4955,3,0,0.02222685556835297
4956,3,0,0.29881926770724654
4957,3,0,0.0067187492960087206
4958,3,0,0.24386788033447335
4959,3,0,0.011027272143137007
4960,3,0,0.7194418508885497
4961,3,0,0.015634349912836434
4962,3,0,0.2871472269759634
4963,3,0,0.015006590195690011
4964,3,0,0.02431337471536109
4965,3,0,0.0744843897621664
4966,3,0,0.04423994455781302
4967,3,0,0.4360964463476069
4968,3,0,0.06675012906161876
4969,3,0,0.04016751665134665
4970,3,0,0.03235949591726297
4971,3,0,0.07014442308007572
4972,3,0,0.02109117487640046
4973,3,0,0.01927453356604158
4974,3,0,0.02964857133728564
4975,3,0,0.08533130165815758
4976,3,1,0.4890493151234503
4977,3,0,0.22510407611950156
4978,3,0,0.14852973391087054
4979,3,0,0.04933688466060834
4980,3,0,0.0329145130873598
4981,3,0,0.040018093791056794
4982,3,0,0.02256518652132698
4983,3,0,0.06439656402001075
4984,3,1,0.3458668638350848
4985,3,0,0.012476713578897144
4986,3,0,0.00608522444739421
4987,3,0,0.020256688040607148
4988,3,1,0.20642226882554646
4989,3,0,0.002666726639012151
4990,3,0,0.009660305243797207
4991,3,0,0.004794250547176871
4992,3,0,0.0034300054362892984
4993,3,0,0.002912944043978167
4994,3,0,0.0013978205845436482
4995,3,0,0.010712739713981208
4996,3,0,0.0038908876979668106
4997,3,1,0.5074968360063089
4998,3,0,0.0037757407082355315
4999,3,0,0.011378216271251297
5000,3,0,0.003989223498512019
5001,3,0,0.02751665016713494
5002,3,0,0.0037714383490279452
5003,3,0,0.08441967251155597
5004,3,0,0.01060237832461578
5005,3,0,0.09854563506435841
5006,3,0,0.011405718859011097
5007,3,0,0.04664126989307997
5008,3,0,0.014436839052267088
5009,3,0,0.016301468370192227
5010,3,0,0.010953896277163151
5011,3,0,0.007027802265483369
5012,3,0,0.011036955945588603
5013,3,0,0.0070818649068450775
5014,3,0,0.0046393213969522186
5015,3,0,0.010072489560243274
5016,3,0,0.034219537865673166
5017,3,0,0.04101367631288282
5018,3,0,0.01569533022185303
5019,3,0,0.006437681017537782
5020,3,0,0.010802564524632755
5021,3,0,0.4728476770882332
5022,3,0,0.0346507402787778
5023,3,0,0.006616114865987002
5024,3,0,0.0036823307690420394
5025,3,0,0.01829631557163525
5026,3,0,0.012122130198910919
5027,3,0,0.07478745807619915
5028,3,0,0.002863170390843765
5029,3,0,0.045447660792659696
5030,3,0,0.05978744786270488
5031,3,0,0.05937788819806828
5032,3,0,0.01330001482653111
5033,3,0,0.454830198040858
5034,3,0,0.023701854527091722
5035,3,0,0.01860363596198148
5036,3,0,0.042138476875730045
5037,3,0,0.06070097273440385
5038,3,0,0.013937139495240478
5039,3,0,0.020210875216763617
5040,3,0,0.012638466605415488
5041,3,0,0.021829733993146628
5042,3,0,0.019762440681993863
5043,3,0,0.017248047303827795
5044,3,0,0.07891626029297595
5045,3,0,0.1454943897753758
5046,3,0,0.016629985315840194
5047,3,0,0.009798834683346077
5048,3,1,0.8143318658548868
5049,3,0,0.08284748526529988
5050,3,0,0.021746495724883127
5051,3,0,0.029615699352950796
5052,3,0,0.15519356946668686
5053,3,0,0.010033493239823619
5054,3,0,0.046954536655810064
5055,3,0,0.036944718954825206
5056,3,0,0.39085220117092817
5057,3,0,0.1313941436806444
5058,3,0,0.11779356718395566
5059,3,0,0.15773675516509245
5060,3,0,0.16672726858773726
5061,3,1,0.8461170708549269
5062,3,0,0.23795548461151894
5063,3,0,0.027701469297905016
5064,3,0,0.003973036486503103
5065,3,0,0.006880201969567637
5066,3,0,0.0010140322841512347
5067,3,0,0.027723726694284297
5068,3,0,0.006647233130208744
5069,3,0,0.01538915192879102
5070,3,0,0.0018873474657184544
5071,3,0,0.004667098005518068
5072,3,0,0.013068268420213464
5073,3,0,0.023590566419385898
5074,3,0,0.013081175770180184
5075,3,0,0.011186538111240787
5076,3,0,0.022998500615858793
5077,3,0,0.0035625713279758852
5078,3,0,0.01599063105722366
5079,3,0,0.12173938515973279
5080,3,0,0.07661304540725049
5081,3,0,0.005075858076594524
5082,3,0,0.0527995246691903
5083,3,0,0.06973557598196488
5084,3,0,0.01251796647579101
5085,3,0,0.1471596982151732
5086,3,0,0.08780123498410101
5087,3,0,0.0031207283910605742
5088,3,0,0.010731245940181657
5089,3,0,0.049046731085091215
5090,3,0,0.022517521110759484
5091,3,0,0.01867064999182028
5092,3,0,0.035037458977385576
5093,3,0,0.10557668149012349
5094,3,0,0.03150976726782905
5095,3,0,0.0042274436940803045
5096,3,0,0.005615659209713175
5097,3,0,0.11153491830200625
5098,3,0,0.012847973256774071
5099,3,0,0.10790369181195163
5100,3,0,0.04065780675876921
5101,3,0,0.028484102686258474
5102,3,0,0.005705902761384324
5103,3,0,0.015143893280188494
5104,3,0,0.03994410233712731
5105,3,0,0.28507456228561234
5106,3,0,0.009307092592959056
5107,3,0,0.088082594373161
5108,3,0,0.11262828459839748
5109,3,0,0.019253220918840644
5110,3,0,0.004470619574158319
5111,3,0,0.017427137779073548
5112,3,0,0.02040242673563278
5113,3,0,0.031824846050854526
5114,3,0,0.043656644889303695
5115,3,0,0.04447623247535073
5116,3,0,0.22986225922532394
5117,3,0,0.007588586940011342
5118,3,0,0.0035838971417311736
5119,3,0,0.04545960979279937
5120,3,0,0.022459657514891814
5121,3,0,0.018671007309423684
5122,3,0,0.011303789637363497
5123,3,0,0.04555843665341673
5124,3,0,0.02164495800210981
5125,3,0,0.0855193888698315
5126,3,0,0.0204469289832392
5127,3,0,0.12667372567989946
5128,3,0,0.03443864441755488
5129,3,0,0.015191012323278637
5130,3,0,0.08074652064362337
5131,3,0,0.06370933640214886
5132,3,0,0.19309737955295178
5133,3,0,0.035384312878279096
5134,3,0,0.08739722208399664
5135,3,0,0.0470944454155747
5136,3,0,0.0309075994981909
5137,3,0,0.012800105085696614
5138,3,0,0.0323210725469578
5139,3,0,0.031076104145618448
5140,3,0,0.01127077267395448
5141,3,1,0.01443317449571693
5142,3,0,0.00950449740574906
5143,3,0,0.009860205411698464
5144,3,0,0.0032484256587273783
5145,3,0,0.006125204757861877
5146,3,0,0.012002253242941794
5147,3,0,0.008979233950857757
5148,3,0,0.016202119893186113
5149,3,0,0.005777093275100723
5150,3,0,0.0011782640549177457
5151,3,0,0.15202259295917206
5152,3,0,0.6243338095687858
5153,3,0,0.003805236732712673
5154,3,0,0.008142335517775712
5155,3,0,0.012038921934916959
5156,3,0,0.009345766813089226
5157,3,0,0.02576204363493093
5158,3,0,0.07959740328820693
5159,3,0,0.022517546359697067
5160,3,0,0.06404757820832337
5161,3,0,0.008973308121719393
5162,3,0,0.03184494883050682
5163,3,0,0.0009205621766368827
5164,3,0,0.0038369273944667977
5165,3,0,0.01052042335156001
5166,3,0,0.01872603224916501
5167,3,0,0.007293807786972248
5168,3,0,0.004482840857370014
5169,3,0,0.008169420993685986
5170,3,0,0.004748350396924952
5171,3,0,0.06671428415340001
5172,3,0,0.007910764136364252
5173,3,0,0.005600227522881176
5174,3,0,0.023299823894877825
5175,3,0,0.002568182140540791
5176,3,0,0.014678003774606709
5177,3,0,0.1102614181965389
5178,3,0,0.033097294264678986
5179,3,0,0.015864008133708807
5180,3,0,0.029848646867459017
5181,3,0,0.010141515205435448
5182,3,0,0.0051262233482743365
5183,3,0,0.011343512167260423
5184,3,0,0.01251228404390371
5185,3,0,0.03915351015896179
5186,3,0,0.27177862926012625
5187,3,0,0.033823404122605316
5188,3,0,0.0070481934291255245
5189,3,0,0.046438911518602806
5190,3,0,0.10565152930287569
5191,3,0,0.04190481771711119
5192,3,0,0.5656343759257273
5193,3,0,0.006428638082283804
5194,3,0,0.025950165653536136
5195,3,0,0.01933597954806002
5196,3,0,0.008606496601654152
5197,3,0,0.015331352280298327
5198,3,0,0.33960731914441616
5199,3,0,0.032269038405976336
5200,3,0,0.6695204845771575
5201,3,0,0.053661499909500046
5202,3,0,0.09801540781523875
5203,3,0,0.014555226002144334
5204,3,0,0.07021074299774088
5205,3,0,0.05956256920630686
5206,3,0,0.011624386754504506
5207,3,0,0.03901819345508324
5208,3,0,0.015259547015237749
5209,3,0,0.024281177169220743
5210,3,0,0.058610457958123245
5211,3,0,0.4842256776378967
5212,3,0,0.0701346649873399
5213,3,0,0.03976736375133864
5214,3,0,0.04842775931914741
5215,3,0,0.1005668112045361
5216,3,0,0.10695879476332391
5217,3,0,0.12306375726970246
5218,3,0,0.06233974850084574
5219,3,1,0.7072363776514814
5220,3,0,0.03249896313931332
5221,3,0,0.022164041950964698
5222,3,0,0.0020457902797408065
5223,3,0,0.005091386364284505
5224,3,0,0.0016384029006342561
5225,3,0,0.08636569808193777
5226,3,0,0.019740901159936885
5227,3,0,0.004178364846780318
5228,3,0,0.21076318601896193
5229,3,0,0.003587453956935357
5230,3,0,0.01492995115291628
5231,3,0,0.00739096315940569
5232,3,0,0.1758361293224864
5233,3,0,0.01580542428147465
5234,3,0,0.06806144748688356
5235,3,0,0.008401640761268352
5236,3,0,0.009639406207584052
5237,3,0,0.014597740956821205
5238,3,0,0.01414122802403249
5239,3,0,0.006804031750322087
5240,3,0,0.0027446450031661314
5241,3,0,0.0026099485588337154
5242,3,0,0.05306211647827362
5243,3,0,0.023157875375521154
5244,3,0,0.002381822167671729
5245,3,0,0.01208170885686176
5246,3,0,0.006986059448514185
5247,3,0,0.0017825849613221142
5248,3,0,0.003960424446916103
5249,3,0,0.0026049686436091773
5250,3,0,0.044658196470143484
5251,3,0,0.03602691505536929
5252,3,0,0.19929596218341578
5253,3,0,0.017330740900133354
5254,3,0,0.009377039859258867
5255,3,0,0.06030086517331099
5256,3,0,0.06707302001855206
5257,3,0,0.00572692758090872
5258,3,0,0.06526102653819073
5259,3,0,0.008317292379345467
5260,3,0,0.03976431018655888
5261,3,0,0.00456510595479599
5262,3,0,0.020052064985119147
5263,3,0,0.007885801543886108
5264,3,0,0.10970612716038243
5265,3,0,0.008292785475459207
5266,3,0,0.009041721775241733
5267,3,0,0.011650336934229363
5268,3,0,0.15521164943139032
5269,3,0,0.0558254037755044
5270,3,0,0.4815842549513616
5271,3,0,0.02155594912590146
5272,3,0,0.0024118658758583832
5273,3,0,0.014940592425456764
5274,3,0,0.0055526251914858535
5275,3,0,0.01050213026431842
5276,3,0,0.011011330513288287
5277,3,0,0.05257259621466335
5278,3,0,0.004026583577412572
5279,3,0,0.008096081686567181
5280,3,0,0.024479312213802666
5281,3,0,0.011488232751548465
5282,3,0,0.11498594377124235
5283,3,0,0.04896619001762799
5284,3,0,0.01445622689257921
5285,3,0,0.03090604017235722
5286,3,0,0.020738761858435244
5287,3,0,0.12228888290238657
5288,3,0,0.03161632085788861
5289,3,0,0.004905545309730143
5290,3,0,0.04483537029734041
5291,3,0,0.20281520875464076
5292,3,0,0.01247351852147137
5293,3,0,0.14981266293413914
5294,3,0,0.13722767290947238
5295,3,0,0.04098101202108944
5296,3,0,0.09610610124860154
5297,3,0,0.1105823097154728
5298,3,0,0.07895849917664041
5299,3,0,0.07815036181748604
5300,3,0,0.007875795053716272
5301,3,0,0.25990468429969454
5302,3,0,0.018983789046946534
5303,3,0,0.0975786540101667
5304,3,0,0.20310805438380544
5305,3,0,0.014088166082410154
5306,3,0,0.015004846897859466
5307,3,0,0.017545118000965178
5308,3,0,0.08430553839425965
5309,3,1,0.12918052482034764
5310,3,0,0.005222117429977093
5311,3,0,0.03655878680696853
5312,3,0,0.003987300034186328
5313,3,0,0.001240947965084145
5314,3,0,0.004653029581600783
5315,3,0,0.0019910808322311725
5316,3,0,0.006011082197151201
5317,3,0,0.004575789777441048
5318,3,0,0.004936416114151337
5319,3,0,0.010918768286500662
5320,3,0,0.005982420077582215
5321,3,0,0.14432633310828352
5322,3,0,0.06028403159436046
5323,3,0,0.016150330275264028
5324,3,0,0.0005689767790856454
5325,3,0,0.002245758347780892
5326,3,0,0.02856488195989042
5327,3,0,0.011633168653989551
5328,3,0,0.0039009952172040126
5329,3,0,0.022849075285418827
5330,3,0,0.0026136059694972457
5331,3,0,0.018738578369305998
5332,3,0,0.014234566833366434
5333,3,0,0.0605707480192448
5334,3,1,0.6292546803405308
5335,3,0,0.006596721310650185
5336,3,0,0.012026235334790518
5337,3,0,0.020974339134390695
5338,3,0,0.008470409801629792
5339,3,0,0.0035171251354599053
5340,3,0,0.044702292343240704
5341,3,0,0.18889421388311498
5342,3,0,0.011058242698537826
5343,3,0,0.02779333637536204
5344,3,0,0.04646512616282636
5345,3,0,0.015171810542763802
5346,3,0,0.006018505402170654
5347,3,0,0.3658971426273855
5348,3,0,0.013144214470773638
5349,3,0,0.009146991850195995
5350,3,0,0.011447023617137363
5351,3,0,0.003648642969287073
5352,3,0,0.01180475576298284
5353,3,0,0.009040726778002191
5354,3,0,0.006072962435344106
5355,3,0,0.02908873347881131
5356,3,0,0.006369456468978277
5357,3,0,0.02051033516612567
5358,3,0,0.008535056357090013
5359,3,0,0.0334296538857419
5360,3,0,0.04091684742892727
5361,3,0,0.008433455435457224
5362,3,0,0.1536720871368482
5363,3,0,0.026787851569268738
5364,3,0,0.01907347383510972
5365,3,0,0.013578504328653257
5366,3,0,0.006768492067990297
5367,3,0,0.009935647339619474
5368,3,0,0.008259994972577895
5369,3,0,0.011505284721222024
5370,3,0,0.03882563426514215
5371,3,0,0.09874259345260046
5372,3,0,0.13649479081240212
5373,3,0,0.012736146139211453
5374,3,0,0.04435221315954235
5375,3,0,0.011239772852763185
5376,3,0,0.3036508032473894
5377,3,0,0.04250939218330763
5378,3,0,0.02487064520210658
5379,3,0,0.02885020130017177
5380,3,0,0.0162336801302996
5381,3,0,0.005392132724970142
5382,3,0,0.05971152719716495
5383,3,0,0.040392247386437936
5384,3,0,0.05745298097825972
5385,3,0,0.016225447901748413
5386,3,0,0.05393109847680012
5387,3,0,0.24033829659725495
5388,3,0,0.14902949017866265
5389,3,0,0.10435607748392975
5390,3,0,0.17213480971405784
5391,3,0,0.02298908592473139
5392,3,0,0.04267008779166132
5393,3,0,0.07005081684982403
5394,3,1,0.912424736422016
5395,3,0,0.028502133720658834
5396,3,0,0.05791158503145135
5397,3,0,0.033087646015122
5398,3,0,0.07971180003426205
5399,3,1,0.4019565586688555
5400,3,1,0.18893705264249938
5401,3,1,0.5795948603651792
5402,3,0,0.014886545804722913
5403,3,0,0.004020599137664599
5404,3,0,0.0062113626082794015
5405,3,0,0.02108682130738295
5406,3,0,0.006668469045135742
5407,3,0,0.010646198043469071
5408,3,0,0.0024149844195828127
5409,3,0,0.006109171198891977
5410,3,0,0.02647492986673492
5411,3,0,0.0023401853818366437
5412,3,0,0.12787889273221997
5413,3,0,0.00174594360633551
5414,3,0,0.0015081681124964439
5415,3,0,0.020496616674949925
5416,3,0,0.0022221508647021896
5417,3,0,0.006524778884376226
5418,3,0,0.0024582721450467243
5419,3,0,0.02665992382497576
5420,3,0,0.001322593666161496
5421,3,0,0.003602837656575432
5422,3,0,0.0063250873353400475
5423,3,0,0.0034318233197953205
5424,3,0,0.007260900644499388
5425,3,0,0.005185317386076776
5426,3,0,0.020053072558446416
5427,3,0,0.06617618653024986
5428,3,0,0.028383099693018343
5429,3,0,0.004521766967308946
5430,3,0,0.0027735498221122057
5431,3,0,0.012014189198455321
5432,3,0,0.012626192510204056
5433,3,0,0.06074149604962884
5434,3,0,0.002687020960180202
5435,3,0,0.01610898707666448
5436,3,0,0.004326713563957094
5437,3,0,0.011319859936909524
5438,3,0,0.008762280236657474
5439,3,0,0.0032985904592567274
5440,3,0,0.0051757560955218215
5441,3,0,0.005279957333008582
5442,3,0,0.049845347404677685
5443,3,0,0.02182514175118435
5444,3,0,0.01701657905323286
5445,3,0,0.005020298583551467
5446,3,0,0.012822913763508106
5447,3,0,0.024158706274090298
5448,3,0,0.03405752953629435
5449,3,0,0.14253899363033595
5450,3,0,0.008089255516499277
5451,3,0,0.029694325127332447
5452,3,0,0.006057230269217434
5453,3,0,0.015113762908731053
5454,3,0,0.010988578704410126
5455,3,0,0.012336153692130907
5456,3,0,0.004103668888789638
5457,3,0,0.0076821527185308835
5458,3,0,0.03709580245883377
5459,3,0,0.12261654659332845
5460,3,0,0.007163094855759594
5461,3,0,0.06409393529791368
5462,3,0,0.015918050000470117
5463,3,0,0.009977761519739331
5464,3,0,0.014652227736528533
5465,3,0,0.10885333788652407
5466,3,0,0.027256653174872584
5467,3,0,0.1198331938702472
5468,3,0,0.028674601384979067
5469,3,0,0.017477781610756155
5470,3,0,0.014059696163209696
5471,3,0,0.567442619011437
5472,3,0,0.4730163653017287
5473,3,0,0.1285397071387144
5474,3,0,0.034401821459183066
5475,3,0,0.027024791057507165
5476,3,0,0.019404798358646617
5477,3,0,0.015248930425215815
5478,3,0,0.020756445844310845
5479,3,0,0.005946704971300452
5480,3,0,0.006922672950370488
5481,3,0,0.03541546801693305
5482,3,0,0.022125088102366873
5483,3,0,0.0513092046109788
5484,3,0,0.019228869336951324
5485,3,0,0.11182867332513259
5486,3,0,0.09154698243858689
5487,3,0,0.09058170182347265
5488,3,1,0.37904428045078
5489,3,0,0.010324858075157007
5490,3,1,0.4432977880884348
5491,3,0,0.07935301806599723
5492,3,0,0.009396193196950679
5493,3,0,0.0936815696525874
5494,3,0,0.012188005145422056
5495,3,0,0.0377301985355352
5496,3,0,0.005302778256768524
5497,3,0,0.0062923394570307345
5498,3,0,0.0021028012660991103
5499,3,0,0.017950656360028586
5500,3,0,0.004893435982754619
5501,3,0,0.004858177348954552
5502,3,0,0.07366072064143424
5503,3,0,0.0015424978339224462
5504,3,0,0.07506125207096893
5505,3,0,0.003534604148850989
5506,3,0,0.004125279400711412
5507,3,0,0.009043030289918408
5508,3,0,0.09390110915392953
5509,3,0,0.0031601951948563977
5510,3,0,0.06514526575844064
5511,3,0,0.006746867434432463
5512,3,0,0.005170762044935223
5513,3,0,0.05494680077224117
5514,3,0,0.004555480134579368
5515,3,0,0.008686851556057749
5516,3,0,0.007462702380696368
5517,3,0,0.0648973499534715
5518,3,0,0.009015666862843977
5519,3,0,0.03894311554166827
5520,3,0,0.026568368531682218
5521,3,0,0.021141994181656413
5522,3,0,0.004989408214074524
5523,3,0,0.002514091237278782
5524,3,0,0.004332550362191701
5525,3,0,0.008370123937068773
5526,3,0,0.05061393217330938
5527,3,0,0.00900841926412742
5528,3,0,0.05768914537418817
5529,3,0,0.013634036834227325
5530,3,0,0.02596631767396951
5531,3,0,0.004843763307717373
5532,3,0,0.057193320575840215
5533,3,0,0.004952060862444092
5534,3,0,0.004430395270522991
5535,3,0,0.024108617212538253
5536,3,1,0.08997118716023013
5537,3,0,0.005317428893532749
5538,3,0,0.007753343145021788
5539,3,0,0.007678231121816685
5540,3,0,0.010054823729847319
5541,3,0,0.01458257771062542
5542,3,0,0.00868880788516507
5543,3,0,0.16497395807766416
5544,3,0,0.05307796553860686
5545,3,0,0.008956522197883421
5546,3,0,0.015849364291915694
5547,3,0,0.0011893596016900024
5548,3,0,0.017180224540259213
5549,3,0,0.0940490714417564
5550,3,0,0.030200642836797457
5551,3,0,0.027159720544788477
5552,3,0,0.013959713417279434
5553,3,0,0.3839393171610772
5554,3,0,0.025456769940579105
5555,3,0,0.029563973457586146
5556,3,0,0.00727967603946435
5557,3,0,0.026672598788893286
5558,3,0,0.05530073077149537
5559,3,0,0.030627633463646078
5560,3,0,0.027038484984649974
5561,3,0,0.022652242422649054
5562,3,0,0.020816851874805756
5563,3,0,0.012671298198643322
5564,3,0,0.06906807566284028
5565,3,0,0.015430707726064809
5566,3,0,0.08526331184069513
5567,3,0,0.0787950707587566
5568,3,0,0.003705657266640559
5569,3,0,0.0017663611979399079
5570,3,0,0.01979423051764545
5571,3,0,0.004476657136746563
5572,3,0,0.0025234408555955246
5573,3,0,0.0010709465668015548
5574,3,0,0.00551378395193832
5575,3,0,0.0024042161020068776
5576,3,0,0.005506797472282551
5577,3,0,0.003050081684497416
5578,3,0,0.007555949671800698
5579,3,0,0.0014042093912382204
5580,3,0,0.0018046801282107334
5581,3,0,0.01875391401150251
5582,3,0,0.009551688788184727
5583,3,0,0.002727971879923807
5584,3,0,0.0009484959260908321
5585,3,0,0.0012332486560049983
5586,3,0,0.0009821000625558779
5587,3,0,0.012455710050959426
5588,3,0,0.006382640226771769
5589,3,0,0.06317207494049426
5590,3,0,0.15747116472485786
5591,3,0,0.003244353459384454
5592,3,0,0.024222784945998183
5593,3,0,0.014986440911405753
5594,3,0,0.0081214865936373
5595,3,0,0.006872811457529703
5596,3,0,0.004671284659457854
5597,3,0,0.004545690488639183
5598,3,0,0.12554213827425253
5599,3,0,0.0038859182418371843
5600,3,0,0.003813494756746544
5601,3,0,0.007134379605521708
5602,3,0,0.09351868204995233
5603,3,0,0.19785012350841283
5604,3,0,0.007783240347047046
5605,3,0,0.0201330798790738
5606,3,0,0.0019842019093320624
5607,3,0,0.0030833675260544128
5608,3,0,0.004569829412863773
5609,3,0,0.040970512990884576
5610,3,0,0.007179141395624737
5611,3,0,0.0046765394353275305
5612,3,0,0.024749304508448932
5613,3,0,0.007141845719229536
5614,3,0,0.002634927459515625
5615,3,1,0.8129115307275077
5616,3,0,0.020448179531826254
5617,3,1,0.6797664002132968
5618,3,0,0.004083593684443366
5619,3,0,0.01814617977017399
5620,3,0,0.018712312177281462
5621,3,0,0.06732060486507023
5622,3,0,0.05110556009634628
5623,3,0,0.01725918217803494
5624,3,0,0.004635034428014077
5625,3,0,0.003882124105352856
5626,3,0,0.0068194975688324515
5627,3,0,0.058763035111176434
5628,3,0,0.02102945284468958
5629,3,0,0.1413150292892186
5630,3,0,0.009608362973917709
5631,3,0,0.01217239055821664
5632,3,0,0.15783624402779053
5633,3,0,0.09201503346855318
5634,3,0,0.2260024213986907
5635,3,0,0.15675068972084993
5636,3,0,0.06243913303201665
5637,3,0,0.08174897895778635
5638,3,0,0.019736061214819675
5639,3,0,0.008547724731233462
5640,3,0,0.21094261645978457
5641,3,0,0.010220550857654066
5642,3,0,0.019645554194901493
5643,3,0,0.10586173682146534
5644,3,0,0.149210685300458
5645,3,0,0.0037423288498465756
5646,3,0,0.05737290395437519
5647,3,0,0.3550404612108241
5648,3,0,0.04430945106389709
5649,3,0,0.20367078722530405
5650,3,0,0.11144013395229584
5651,3,0,0.06965100616089395
5652,3,0,0.013507809577255725
5653,3,0,0.017446801429551725
5654,3,0,0.0014534262358178133
5655,3,0,0.009027037823605392
5656,3,0,0.003091665307654187
5657,3,0,0.0029935447421342992
5658,3,0,0.04902947766825739
5659,3,0,0.0017955568576890576
5660,3,0,0.006228083703268391
5661,3,0,0.05263247351192899
5662,3,0,0.0036556214660281553
5663,3,0,0.01087586251345287
5664,3,0,0.0017650481672599912
5665,3,0,0.002248504843804372
5666,3,0,0.006256617566722801
5667,3,0,0.014626090318443788
5668,3,0,0.009192836085409066
5669,3,0,0.003184750724530371
5670,3,0,0.010836763917455788
5671,3,0,0.003262396557376361
5672,3,0,0.001071648625972601
5673,3,0,0.06224338742535601
5674,3,0,0.002935341692888858
5675,3,0,0.006361256764305725
5676,3,0,0.008046161557917859
5677,3,0,0.0144639587873124
5678,3,0,0.00508271871975251
5679,3,0,0.04291104432844964
5680,3,0,0.029090105060400454
5681,3,0,0.007297941890347102
5682,3,0,0.14016393445997857
5683,3,0,0.010479004462010527
5684,3,0,0.00896622000998598
5685,3,0,0.03819412437108748
5686,3,0,0.005896980392516203
5687,3,0,0.05157820696342796
5688,3,0,0.011971736612496987
5689,3,0,0.0016594300288407056
5690,3,0,0.018854989486824767
5691,3,0,0.11788585437760003
5692,3,0,0.06976963236028144
5693,3,0,0.009867914812785388
5694,3,0,0.062480945457488335
5695,3,0,0.013011439670670727
5696,3,0,0.007225579853220542
5697,3,0,0.034676592954180456
5698,3,0,0.18405067681725285
5699,3,0,0.018930241096904724
5700,3,0,0.022646801432978075
5701,3,0,0.09407502662258971
5702,3,0,0.05879446929107918
5703,3,0,0.03266580848365415
5704,3,0,0.08381435971877998
5705,3,0,0.02231078453139636
5706,3,1,0.8460251834761738
5707,3,0,0.02551078031103074
5708,3,0,0.043084907111292266
5709,3,0,0.022615794518607603
5710,3,0,0.030580047875170154
5711,3,0,0.01113078555538295
5712,3,0,0.13286657997568538
5713,3,0,0.030109666969770625
5714,3,0,0.02442417614926664
5715,3,0,0.013976462008583206
5716,3,0,0.09649685673578728
5717,3,0,0.012953856795098863
5718,3,0,0.011478862584167464
5719,3,0,0.016531549785314244
5720,3,0,0.2186169647488942
5721,3,0,0.024865193898110764
5722,3,0,0.07286662780046063
5723,3,0,0.11825434534875731
5724,3,0,0.17491694505580618
5725,3,0,0.008197819961593682
5726,3,0,0.0992356263340661
5727,3,0,0.009698769061135693
5728,3,0,0.05356716692670429
5729,3,0,0.005030516532799885
5730,3,0,0.017478687965650046
5731,3,0,0.011451246042276856
5732,3,0,0.041524496913961303
5733,3,0,0.06826523889677515
5734,3,1,0.4016861943321658
5735,3,0,0.01877665755049851
5736,3,0,0.005846320511016742
5737,3,0,0.16177086052221032
5738,3,0,0.0036115567551734105
5739,3,0,0.0015449990372897178
5740,3,0,0.0029381083133715965
5741,3,0,0.0030701486868500954
5742,3,0,0.011080198582759557
5743,3,0,0.0019083717009690281
5744,3,0,0.006291666745100977
5745,3,0,0.005228703421290932
5746,3,0,0.0017544624049837699
5747,3,0,0.006235069640142168
5748,3,0,0.001748883011255842
5749,3,0,0.19520178656853931
5750,3,0,0.008223542189117467
5751,3,0,0.007056120274076936
5752,3,0,0.002441107065782442
5753,3,0,0.10410306840142236
5754,3,0,0.0030349245368163982
5755,3,0,0.02481013652889213
5756,3,0,0.02954132116356034
5757,3,0,0.09564999365173882
5758,3,0,0.008889078232935816
5759,3,0,0.003860322261961573
5760,3,0,0.0022020724541479044
5761,3,0,0.025904882889021017
5762,3,0,0.03257435212848991
5763,3,0,0.0030484494561263593
5764,3,0,0.011938898814758557
5765,3,0,0.005958863967401693
5766,3,0,0.00471560691940504
5767,3,0,0.013251987820442172
5768,3,0,0.0165348087050916
5769,3,0,0.029215035184506924
5770,3,0,0.006611240118779575
5771,3,0,0.030511974548590375
5772,3,0,0.005511339261826305
5773,3,0,0.013650921542578855
5774,3,0,0.006358924694931618
5775,3,0,0.006711470900610694
5776,3,0,0.01767601517990912
5777,3,0,0.012588318122536286
5778,3,0,0.011578588991788855
5779,3,0,0.004654828390020853
5780,3,0,0.02687557095159835
5781,3,0,0.014884028612205632
5782,3,0,0.00755411890568236
5783,3,0,0.006953373259566566
5784,3,0,0.006095985175123988
5785,3,0,0.00489454604993174
5786,3,0,0.007386404458646576
5787,3,0,0.025108734478025918
5788,3,0,0.017150339700201057
5789,3,0,0.04474216083930087
5790,3,0,0.005488297716566725
5791,3,0,0.020347897365120278
5792,3,0,0.005373939765347457
5793,3,0,0.03834618059049855
5794,3,0,0.01472274015166064
5795,3,0,0.00937187084081597
5796,3,0,0.2793648521767136
5797,3,0,0.01866025729380774
5798,3,0,0.04618017559777144
5799,3,0,0.014121157237896833
5800,3,0,0.05150231747413617
5801,3,0,0.029577378058276305
5802,3,0,0.011435349885429144
5803,3,0,0.013942425962105352
5804,3,0,0.029113566387116284
5805,3,0,0.026085509949686475
5806,3,0,0.048509101958054086
5807,3,0,0.01168569153910636
5808,3,0,0.006570946326123568
5809,3,0,0.016654817313278246
5810,3,0,0.009403280057161584
5811,3,0,0.014351699732361705
5812,3,0,0.008492040187657948
5813,3,0,0.022329142378393885
5814,3,0,0.04671216462177086
5815,3,0,0.02433201724111618
5816,3,0,0.020131333140233694
5817,3,0,0.011564922562987148
5818,3,0,0.01847736936783783
5819,3,0,0.01876202838451919
5820,3,0,0.011712610559281796
5821,3,0,0.03604180635650603
5822,3,0,0.1958534218175561
5823,3,0,0.03860007434294781
5824,3,0,0.040032704102695195
5825,3,0,0.01983409180907906
5826,3,0,0.029850248747293178
5827,3,0,0.013990334605160379
5828,3,0,0.002306997669537231
5829,3,0,0.0010027572125156647
5830,3,0,0.0020366918707553716
5831,3,0,0.03583273707119801
5832,3,0,0.0024980763455472654
5833,3,0,0.006299185604329088
5834,3,0,0.019460019392082552
5835,3,0,0.0014367282238847289
5836,3,0,0.005160162558052547
5837,3,0,0.0021853785823113423
5838,3,0,0.0008266256839858511
5839,3,0,0.0016789947522695373
5840,3,0,0.000623439842143864
5841,3,0,0.0018138487463405053
5842,3,0,0.014289883626029502
5843,3,0,0.002094129531574685
5844,3,0,0.001379027423504178
5845,3,0,0.0011287290242362775
5846,3,0,0.005016207449413796
5847,3,0,0.0026119846887081295
5848,3,0,0.06525994593550971
5849,3,0,0.013823092436103834
5850,3,0,0.0027694246712949466
5851,3,0,0.0016465263642547782
5852,3,0,0.0010213890602438287
5853,3,0,0.0030938159221696316
5854,3,0,0.07827220696359684
5855,3,0,0.007990710787857614
5856,3,0,0.0048702188512683995
5857,3,0,0.0016927735115345153
5858,3,0,0.0041991888587362145
5859,3,0,0.0019911006123089466
5860,3,0,0.0024637484415264204
5861,3,0,0.09789615119137789
5862,3,0,0.006720626591403984
5863,3,0,0.0020594966624684725
5864,3,0,0.002138778716319345
5865,3,0,0.0022453133243466573
5866,3,0,0.02257893299149622
5867,3,0,0.03764190038959433
5868,3,0,0.0048532899505563535
5869,3,0,0.019568103242042875
5870,3,0,0.009541072293875337
5871,3,0,0.08672110731918112
5872,3,0,0.017562436172648882
5873,3,0,0.006569716302660828
5874,3,0,0.009523669846211353
5875,3,0,0.020036719929215015
5876,3,0,0.12132981861224444
5877,3,0,0.011040116121816677
5878,3,0,0.07934961872912594
5879,3,0,0.005211391394270547
5880,3,0,0.07735106620197986
5881,3,0,0.0182232285984136
5882,3,0,0.0038749661498002235
5883,3,0,0.00851127860398008
5884,3,0,0.010497191475027761
5885,3,0,0.002741589202360735
5886,3,0,0.02154732251133138
5887,3,0,0.008806341652898965
5888,3,0,0.00909428780379067
5889,3,0,0.04384306023350759
5890,3,0,0.010354156501524232
5891,3,0,0.09064108213786262
5892,3,0,0.040223335780151845
5893,3,0,0.12855350160019993
5894,3,0,0.0286416079810077
5895,3,0,0.05051632513397604
5896,3,0,0.09172388545534062
5897,3,0,0.017593440499366116
5898,3,0,0.17482444529757796
5899,3,0,0.004347912143828556
5900,3,0,0.01590444738811709
5901,3,0,0.06387083593442876
5902,3,0,0.018257999601863854
5903,3,0,0.01429494982027059
5904,3,0,0.29933534101242
5905,3,0,0.0040389695125252955
5906,3,0,0.011020135447479373
5907,3,0,0.04463405799632126
5908,3,0,0.010835222505481109
5909,3,1,0.8274667489832576
5910,3,0,0.003650550182252073
5911,3,0,0.1227106037970404
5912,3,0,0.0008793630539756774
5913,3,0,0.054874284804711446
5914,3,0,0.0031799010558484
5915,3,0,0.002583936262081884
5916,3,0,0.010732707028351903
5917,3,0,0.017806159562428814
5918,3,0,0.010426624554030584
5919,3,0,0.023105808777050055
5920,3,0,0.0015196594763044577
5921,3,0,0.05281315983013243
5922,3,0,0.004118513941744449
5923,3,0,0.0009962408342865394
5924,3,0,0.008427443312686592
5925,3,0,0.0009479077175124633
5926,3,0,0.03541928318565411
5927,3,0,0.0014856628244781039
5928,3,0,0.003486026532123189
5929,3,0,0.011384583741493889
5930,3,0,0.06713569271983642
5931,3,0,0.027627483326512676
5932,3,0,0.0018995450090556454
5933,3,0,0.007286418071874556
5934,3,0,0.04199626020670798
5935,3,0,0.00516137182223698
5936,3,0,0.003018031053205333
5937,3,0,0.003545504352330947
5938,3,0,0.007645710663997058
5939,3,0,0.33895067970494624
5940,3,0,0.052222515202239396
5941,3,1,0.024389084197510857
5942,3,0,0.007818766676895409
5943,3,0,0.012529406512110184
5944,3,0,0.0022457623209079826
5945,3,0,0.00591687457407057
5946,3,0,0.03043400482550822
5947,3,0,0.012285567753605727
5948,3,0,0.017557208789649493
5949,3,0,0.014831728789860207
5950,3,0,0.0026782931832202844
5951,3,0,0.0019113958422678943
5952,3,0,0.00255891377102175
5953,3,0,0.0031418735560984935
5954,3,0,0.0020422818475395337
5955,3,0,0.004182473000868392
5956,3,0,0.0047489080490816914
5957,3,0,0.015527375410930916
5958,3,0,0.006985386896948819
5959,3,0,0.03773001648287701
5960,3,0,0.00424203934573101
5961,3,0,0.0012880116340559533
5962,3,0,0.0023533336277423273
5963,3,0,0.012304327026099817
5964,3,0,0.0020881151220594955
5965,3,0,0.01968589214701128
5966,3,0,0.031158160142591852
5967,3,0,0.06810780134966879
5968,3,0,0.10729637919615402
5969,3,0,0.0020143303093286664
5970,3,0,0.005988361214943188
5971,3,0,0.0016762091748241217
5972,3,0,0.03214225940465759
5973,3,0,0.047517463172537584
5974,3,0,0.008410415575525175
5975,3,0,0.002353575462095134
5976,3,0,0.055206617259211464
5977,3,0,0.017880424639109656
5978,3,0,0.04147084864543723
5979,3,0,0.04632628020489707
5980,3,0,0.007528795403546915
5981,3,0,0.013332119594827354
5982,3,0,0.006454721759335023
5983,3,0,0.038404501243390024
5984,3,0,0.06049757249433183
5985,3,0,0.004744859438627995
5986,3,0,0.22397415232000634
5987,3,0,0.05522578642633159
5988,3,0,0.18163666571479375
5989,3,0,0.11365809178418002
5990,3,0,0.0653373568564395
5991,3,0,0.010302209995999458
5992,3,0,0.016565483916110554
5993,3,0,0.013413332705934764
5994,3,0,0.0722242795754627
5995,3,0,0.028129561022599423
5996,3,0,0.057465926578542464
5997,3,0,0.012530691029634248
5998,3,0,0.035275831105635154
5999,3,1,0.012661457183749116
