raw_row_index,UDI,partition
0,1,train
1,2,train
2,3,train
3,4,train
4,5,train
5,6,train
6,7,train
7,8,train
8,9,train
9,10,train
10,11,train
11,12,train
12,13,train
13,14,train
14,15,train
15,16,train
16,17,train
17,18,train
18,19,train
19,20,train
20,21,train
21,22,train
22,23,train
23,24,train
24,25,train
25,26,train
26,27,train
27,28,train
28,29,train
29,30,train
30,31,train
31,32,train
32,33,train
33,34,train
34,35,train
35,36,train
36,37,train
37,38,train
38,39,train
39,40,train
40,41,train
41,42,train
42,43,train
43,44,train
44,45,train
45,46,train
46,47,train
47,48,train
48,49,train
49,50,train
50,51,train
51,52,train
52,53,train
53,54,train
54,55,train
55,56,train
56,57,train
57,58,train
58,59,train
59,60,train
60,61,train
61,62,train
62,63,train
63,64,train
64,65,train
65,66,train
66,67,train
67,68,train
68,69,train
69,70,train
70,71,train
71,72,train
72,73,train
73,74,train
74,75,train
75,76,train
76,77,train
77,78,train
78,79,train
79,80,train
80,81,train
81,82,train
82,83,train
83,84,train
84,85,train
85,86,train
86,87,train
87,88,train
88,89,train
89,90,train
90,91,train
91,92,train
92,93,train
93,94,train
94,95,train
95,96,train
96,97,train
97,98,train
98,99,train
99,100,train
100,101,train
101,102,train
102,103,train
103,104,train
104,105,train
105,106,train
106,107,train
107,108,train
108,109,train
109,110,train
110,111,train
111,112,train
112,113,train
113,114,train
114,115,train
115,116,train
116,117,train
117,118,train
118,119,train
119,120,train
120,121,train
121,122,train
122,123,train
123,124,train
124,125,train
125,126,train
126,127,train
127,128,train
128,129,train
129,130,train
130,131,train
131,132,train
132,133,train
133,134,train
134,135,train
135,136,train
136,137,train
137,138,train
138,139,train
139,140,train
140,141,train
141,142,train
142,143,train
143,144,train
144,145,train
145,146,train
146,147,train
147,148,train
148,149,train
149,150,train
150,151,train
151,152,train
152,153,train
153,154,train
154,155,train
155,156,train
156,157,train
157,158,train
158,159,train
159,160,train
160,161,train
161,162,train
162,163,train
163,164,train
164,165,train
165,166,train
166,167,train
167,168,train
168,169,train
169,170,train
170,171,train
171,172,train
172,173,train
173,174,train
174,175,train
175,176,train
176,177,train
177,178,train
178,179,train
179,180,train
180,181,train
181,182,train
182,183,train
183,184,train
184,185,train
185,186,train
186,187,train
187,188,train
188,189,train
189,190,train
190,191,train
191,192,train
192,193,train
193,194,train
194,195,train
195,196,train
196,197,train
197,198,train
198,199,train
199,200,train
200,201,train
201,202,train
202,203,train
203,204,train
204,205,train
205,206,train
206,207,train
207,208,train
208,209,train
209,210,train
210,211,train
211,212,train
212,213,train
213,214,train
214,215,train
215,216,train
216,217,train
217,218,train
218,219,train
219,220,train
220,221,train
221,222,train
222,223,train
223,224,train
224,225,train
225,226,train
226,227,train
227,228,train
228,229,train
229,230,train
230,231,train
231,232,train
232,233,train
233,234,train
234,235,train
235,236,train
236,237,train
237,238,train
238,239,train
239,240,train
240,241,train
241,242,train
242,243,train
243,244,train
244,245,train
245,246,train
246,247,train
247,248,train
248,249,train
249,250,train
250,251,train
251,252,train
252,253,train
253,254,train
254,255,train
255,256,train
256,257,train
257,258,train
258,259,train
259,260,train
260,261,train
261,262,train
262,263,train
263,264,train
264,265,train
265,266,train
266,267,train
267,268,train
268,269,train
269,270,train
270,271,train
271,272,train
272,273,train
273,274,train
274,275,train
275,276,train
276,277,train
277,278,train
278,279,train
279,280,train
280,281,train
281,282,train
282,283,train
283,284,train
284,285,train
285,286,train
286,287,train
287,288,train
288,289,train
289,290,train
290,291,train
291,292,train
292,293,train
293,294,train
294,295,train
295,296,train
296,297,train
297,298,train
298,299,train
299,300,train
300,301,train
301,302,train
302,303,train
303,304,train
304,305,train
305,306,train
306,307,train
307,308,train
308,309,train
309,310,train
310,311,train
311,312,train
312,313,train
313,314,train
314,315,train
315,316,train
316,317,train
317,318,train
318,319,train
319,320,train
320,321,train
321,322,train
322,323,train
323,324,train
324,325,train
325,326,train
326,327,train
327,328,train
328,329,train
329,330,train
330,331,train
331,332,train
332,333,train
333,334,train
334,335,train
335,336,train
336,337,train
337,338,train
338,339,train
339,340,train
340,341,train
341,342,train
342,343,train
343,344,train
344,345,train
345,346,train
346,347,train
347,348,train
348,349,train
349,350,train
350,351,train
351,352,train
352,353,train
353,354,train
354,355,train
355,356,train
356,357,train
357,358,train
358,359,train
359,360,train
360,361,train
361,362,train
362,363,train
363,364,train
364,365,train
365,366,train
366,367,train
367,368,train
368,369,train
369,370,train
370,371,train
371,372,train
372,373,train
373,374,train
374,375,train
375,376,train
376,377,train
377,378,train
378,379,train
379,380,train
380,381,train
381,382,train
382,383,train
383,384,train
384,385,train
385,386,train
386,387,train
387,388,train
388,389,train
389,390,train
390,391,train
391,392,train
392,393,train
393,394,train
394,395,train
395,396,train
396,397,train
397,398,train
398,399,train
399,400,train
400,401,train
401,402,train
402,403,train
403,404,train
404,405,train
405,406,train
406,407,train
407,408,train
408,409,train
409,410,train
410,411,train
411,412,train
412,413,train
413,414,train
414,415,train
415,416,train
416,417,train
417,418,train
418,419,train
419,420,train
420,421,train
421,422,train
422,423,train
423,424,train
424,425,train
425,426,train
426,427,train
427,428,train
428,429,train
429,430,train
430,431,train
431,432,train
432,433,train
433,434,train
434,435,train
435,436,train
436,437,train
437,438,train
438,439,train
439,440,train
440,441,train
441,442,train
442,443,train
443,444,train
444,445,train
445,446,train
446,447,train
447,448,train
448,449,train
449,450,train
450,451,train
451,452,train
452,453,train
453,454,train
454,455,train
455,456,train
456,457,train
457,458,train
458,459,train
459,460,train
460,461,train
461,462,train
462,463,train
463,464,train
464,465,train
465,466,train
466,467,train
467,468,train
468,469,train
469,470,train
470,471,train
471,472,train
472,473,train
473,474,train
474,475,train
475,476,train
476,477,train
477,478,train
478,479,train
479,480,train
480,481,train
481,482,train
482,483,train
483,484,train
484,485,train
485,486,train
486,487,train
487,488,train
488,489,train
489,490,train
490,491,train
491,492,train
492,493,train
493,494,train
494,495,train
495,496,train
496,497,train
497,498,train
498,499,train
499,500,train
500,501,train
501,502,train
502,503,train
503,504,train
504,505,train
505,506,train
506,507,train
507,508,train
508,509,train
509,510,train
510,511,train
511,512,train
512,513,train
513,514,train
514,515,train
515,516,train
516,517,train
517,518,train
518,519,train
519,520,train
520,521,train
521,522,train
522,523,train
523,524,train
524,525,train
525,526,train
526,527,train
527,528,train
528,529,train
529,530,train
530,531,train
531,532,train
532,533,train
533,534,train
534,535,train
535,536,train
536,537,train
537,538,train
538,539,train
539,540,train
540,541,train
541,542,train
542,543,train
543,544,train
544,545,train
545,546,train
546,547,train
547,548,train
548,549,train
549,550,train
550,551,train
551,552,train
552,553,train
553,554,train
554,555,train
555,556,train
556,557,train
557,558,train
558,559,train
559,560,train
560,561,train
561,562,train
562,563,train
563,564,train
564,565,train
565,566,train
566,567,train
567,568,train
568,569,train
569,570,train
570,571,train
571,572,train
572,573,train
573,574,train
574,575,train
575,576,train
576,577,train
577,578,train
578,579,train
579,580,train
580,581,train
581,582,train
582,583,train
583,584,train
584,585,train
585,586,train
586,587,train
587,588,train
588,589,train
589,590,train
590,591,train
591,592,train
592,593,train
593,594,train
594,595,train
595,596,train
596,597,train
597,598,train
598,599,train
599,600,train
600,601,train
601,602,train
602,603,train
603,604,train
604,605,train
605,606,train
606,607,train
607,608,train
608,609,train
609,610,train
610,611,train
611,612,train
612,613,train
613,614,train
614,615,train
615,616,train
616,617,train
617,618,train
618,619,train
619,620,train
620,621,train
621,622,train
622,623,train
623,624,train
624,625,train
625,626,train
626,627,train
627,628,train
628,629,train
629,630,train
630,631,train
631,632,train
632,633,train
633,634,train
634,635,train
635,636,train
636,637,train
637,638,train
638,639,train
639,640,train
640,641,train
641,642,train
642,643,train
643,644,train
644,645,train
645,646,train
646,647,train
647,648,train
648,649,train
649,650,train
650,651,train
651,652,train
652,653,train
653,654,train
654,655,train
655,656,train
656,657,train
657,658,train
658,659,train
659,660,train
660,661,train
661,662,train
662,663,train
663,664,train
664,665,train
665,666,train
666,667,train
667,668,train
668,669,train
669,670,train
670,671,train
671,672,train
672,673,train
673,674,train
674,675,train
675,676,train
676,677,train
677,678,train
678,679,train
679,680,train
680,681,train
681,682,train
682,683,train
683,684,train
684,685,train
685,686,train
686,687,train
687,688,train
688,689,train
689,690,train
690,691,train
691,692,train
692,693,train
693,694,train
694,695,train
695,696,train
696,697,train
697,698,train
698,699,train
699,700,train
700,701,train
701,702,train
702,703,train
703,704,train
704,705,train
705,706,train
706,707,train
707,708,train
708,709,train
709,710,train
710,711,train
711,712,train
712,713,train
713,714,train
714,715,train
715,716,train
716,717,train
717,718,train
718,719,train
719,720,train
720,721,train
721,722,train
722,723,train
723,724,train
724,725,train
725,726,train
726,727,train
727,728,train
728,729,train
729,730,train
730,731,train
731,732,train
732,733,train
733,734,train
734,735,train
735,736,train
736,737,train
737,738,train
738,739,train
739,740,train
740,741,train
741,742,train
742,743,train
743,744,train
744,745,train
745,746,train
746,747,train
747,748,train
748,749,train
749,750,train
750,751,train
751,752,train
752,753,train
753,754,train
754,755,train
755,756,train
756,757,train
757,758,train
758,759,train
759,760,train
760,761,train
761,762,train
762,763,train
763,764,train
764,765,train
765,766,train
766,767,train
767,768,train
768,769,train
769,770,train
770,771,train
771,772,train
772,773,train
773,774,train
774,775,train
775,776,train
776,777,train
777,778,train
778,779,train
779,780,train
780,781,train
781,782,train
782,783,train
783,784,train
784,785,train
785,786,train
786,787,train
787,788,train
788,789,train
789,790,train
790,791,train
791,792,train
792,793,train
793,794,train
794,795,train
795,796,train
796,797,train
797,798,train
798,799,train
799,800,train
800,801,train
801,802,train
802,803,train
803,804,train
804,805,train
805,806,train
806,807,train
807,808,train
808,809,train
809,810,train
810,811,train
811,812,train
812,813,train
813,814,train
814,815,train
815,816,train
816,817,train
817,818,train
818,819,train
819,820,train
820,821,train
821,822,train
822,823,train
823,824,train
824,825,train
825,826,train
826,827,train
827,828,train
828,829,train
829,830,train
830,831,train
831,832,train
832,833,train
833,834,train
834,835,train
835,836,train
836,837,train
837,838,train
838,839,train
839,840,train
840,841,train
841,842,train
842,843,train
843,844,train
844,845,train
845,846,train
846,847,train
847,848,train
848,849,train
849,850,train
850,851,train
851,852,train
852,853,train
853,854,train
854,855,train
855,856,train
856,857,train
857,858,train
858,859,train
859,860,train
860,861,train
861,862,train
862,863,train
863,864,train
864,865,train
865,866,train
866,867,train
867,868,train
868,869,train
869,870,train
870,871,train
871,872,train
872,873,train
873,874,train
874,875,train
875,876,train
876,877,train
877,878,train
878,879,train
879,880,train
880,881,train
881,882,train
882,883,train
883,884,train
884,885,train
885,886,train
886,887,train
887,888,train
888,889,train
889,890,train
890,891,train
891,892,train
892,893,train
893,894,train
894,895,train
895,896,train
896,897,train
897,898,train
898,899,train
899,900,train
900,901,train
901,902,train
902,903,train
903,904,train
904,905,train
905,906,train
906,907,train
907,908,train
908,909,train
909,910,train
910,911,train
911,912,train
912,913,train
913,914,train
914,915,train
915,916,train
916,917,train
917,918,train
918,919,train
919,920,train
920,921,train
921,922,train
922,923,train
923,924,train
924,925,train
925,926,train
926,927,train
927,928,train
928,929,train
929,930,train
930,931,train
931,932,train
932,933,train
933,934,train
934,935,train
935,936,train
936,937,train
937,938,train
938,939,train
939,940,train
940,941,train
941,942,train
942,943,train
943,944,train
944,945,train
945,946,train
946,947,train
947,948,train
948,949,train
949,950,train
950,951,train
951,952,train
952,953,train
953,954,train
954,955,train
955,956,train
956,957,train
957,958,train
958,959,train
959,960,train
960,961,train
961,962,train
962,963,train
963,964,train
964,965,train
965,966,train
966,967,train
967,968,train
968,969,train
969,970,train
970,971,train
971,972,train
972,973,train
973,974,train
974,975,train
975,976,train
976,977,train
977,978,train
978,979,train
979,980,train
980,981,train
981,982,train
982,983,train
983,984,train
984,985,train
985,986,train
986,987,train
987,988,train
988,989,train
989,990,train
990,991,train
991,992,train
992,993,train
993,994,train
994,995,train
995,996,train
996,997,train
997,998,train
998,999,train
999,1000,train
1000,1001,train
1001,1002,train
1002,1003,train
1003,1004,train
1004,1005,train
1005,1006,train
1006,1007,train
1007,1008,train
1008,1009,train
1009,1010,train
1010,1011,train
1011,1012,train
1012,1013,train
1013,1014,train
1014,1015,train
1015,1016,train
1016,1017,train
1017,1018,train
1018,1019,train
1019,1020,train
1020,1021,train
1021,1022,train
1022,1023,train
1023,1024,train
1024,1025,train
1025,1026,train
1026,1027,train
1027,1028,train
1028,1029,train
1029,1030,train
1030,1031,train
1031,1032,train
1032,1033,train
1033,1034,train
1034,1035,train
1035,1036,train
1036,1037,train
1037,1038,train
1038,1039,train
1039,1040,train
1040,1041,train
1041,1042,train
1042,1043,train
1043,1044,train
1044,1045,train
1045,1046,train
1046,1047,train
1047,1048,train
1048,1049,train
1049,1050,train
1050,1051,train
1051,1052,train
1052,1053,train
1053,1054,train
1054,1055,train
1055,1056,train
1056,1057,train
1057,1058,train
1058,1059,train
1059,1060,train
1060,1061,train
1061,1062,train
1062,1063,train
1063,1064,train
1064,1065,train
1065,1066,train
1066,1067,train
1067,1068,train
1068,1069,train
1069,1070,train
1070,1071,train
1071,1072,train
1072,1073,train
1073,1074,train
1074,1075,train
1075,1076,train
1076,1077,train
1077,1078,train
1078,1079,train
1079,1080,train
1080,1081,train
1081,1082,train
1082,1083,train
1083,1084,train
1084,1085,train
1085,1086,train
1086,1087,train
1087,1088,train
1088,1089,train
1089,1090,train
1090,1091,train
1091,1092,train
1092,1093,train
1093,1094,train
1094,1095,train
1095,1096,train
1096,1097,train
1097,1098,train
1098,1099,train
1099,1100,train
1100,1101,train
1101,1102,train
1102,1103,train
1103,1104,train
1104,1105,train
1105,1106,train
1106,1107,train
1107,1108,train
1108,1109,train
1109,1110,train
1110,1111,train
1111,1112,train
1112,1113,train
1113,1114,train
1114,1115,train
1115,1116,train
1116,1117,train
1117,1118,train
1118,1119,train
1119,1120,train
1120,1121,train
1121,1122,train
1122,1123,train
1123,1124,train
1124,1125,train
1125,1126,train
1126,1127,train
1127,1128,train
1128,1129,train
1129,1130,train
1130,1131,train
1131,1132,train
1132,1133,train
1133,1134,train
1134,1135,train
1135,1136,train
1136,1137,train
1137,1138,train
1138,1139,train
1139,1140,train
1140,1141,train
1141,1142,train
1142,1143,train
1143,1144,train
1144,1145,train
1145,1146,train
1146,1147,train
1147,1148,train
1148,1149,train
1149,1150,train
1150,1151,train
1151,1152,train
1152,1153,train
1153,1154,train
1154,1155,train
1155,1156,train
1156,1157,train
1157,1158,train
1158,1159,train
1159,1160,train
1160,1161,train
1161,1162,train
1162,1163,train
1163,1164,train
1164,1165,train
1165,1166,train
1166,1167,train
1167,1168,train
1168,1169,train
1169,1170,train
1170,1171,train
1171,1172,train
1172,1173,train
1173,1174,train
1174,1175,train
1175,1176,train
1176,1177,train
1177,1178,train
1178,1179,train
1179,1180,train
1180,1181,train
1181,1182,train
1182,1183,train
1183,1184,train
1184,1185,train
1185,1186,train
1186,1187,train
1187,1188,train
1188,1189,train
1189,1190,train
1190,1191,train
1191,1192,train
1192,1193,train
1193,1194,train
1194,1195,train
1195,1196,train
1196,1197,train
1197,1198,train
1198,1199,train
1199,1200,train
1200,1201,train
1201,1202,train
1202,1203,train
1203,1204,train
1204,1205,train
1205,1206,train
1206,1207,train
1207,1208,train
1208,1209,train
1209,1210,train
1210,1211,train
1211,1212,train
1212,1213,train
1213,1214,train
1214,1215,train
1215,1216,train
1216,1217,train
1217,1218,train
1218,1219,train
1219,1220,train
1220,1221,train
1221,1222,train
1222,1223,train
1223,1224,train
1224,1225,train
1225,1226,train
1226,1227,train
1227,1228,train
1228,1229,train
1229,1230,train
1230,1231,train
1231,1232,train
1232,1233,train
1233,1234,train
1234,1235,train
1235,1236,train
1236,1237,train
1237,1238,train
1238,1239,train
1239,1240,train
1240,1241,train
1241,1242,train
1242,1243,train
1243,1244,train
1244,1245,train
1245,1246,train
1246,1247,train
1247,1248,train
1248,1249,train
1249,1250,train
1250,1251,train
1251,1252,train
1252,1253,train
1253,1254,train
1254,1255,train
1255,1256,train
1256,1257,train
1257,1258,train
1258,1259,train
1259,1260,train
1260,1261,train
1261,1262,train
1262,1263,train
1263,1264,train
1264,1265,train
1265,1266,train
1266,1267,train
1267,1268,train
1268,1269,train
1269,1270,train
1270,1271,train
1271,1272,train
1272,1273,train
1273,1274,train
1274,1275,train
1275,1276,train
1276,1277,train
1277,1278,train
1278,1279,train
1279,1280,train
1280,1281,train
1281,1282,train
1282,1283,train
1283,1284,train
1284,1285,train
1285,1286,train
1286,1287,train
1287,1288,train
1288,1289,train
1289,1290,train
1290,1291,train
1291,1292,train
1292,1293,train
1293,1294,train
1294,1295,train
1295,1296,train
1296,1297,train
1297,1298,train
1298,1299,train
1299,1300,train
1300,1301,train
1301,1302,train
1302,1303,train
1303,1304,train
1304,1305,train
1305,1306,train
1306,1307,train
1307,1308,train
1308,1309,train
1309,1310,train
1310,1311,train
1311,1312,train
1312,1313,train
1313,1314,train
1314,1315,train
1315,1316,train
1316,1317,train
1317,1318,train
1318,1319,train
1319,1320,train
1320,1321,train
1321,1322,train
1322,1323,train
1323,1324,train
1324,1325,train
1325,1326,train
1326,1327,train
1327,1328,train
1328,1329,train
1329,1330,train
1330,1331,train
1331,1332,train
1332,1333,train
1333,1334,train
1334,1335,train
1335,1336,train
1336,1337,train
1337,1338,train
1338,1339,train
1339,1340,train
1340,1341,train
1341,1342,train
1342,1343,train
1343,1344,train
1344,1345,train
1345,1346,train
1346,1347,train
1347,1348,train
1348,1349,train
1349,1350,train
1350,1351,train
1351,1352,train
1352,1353,train
1353,1354,train
1354,1355,train
1355,1356,train
1356,1357,train
1357,1358,train
1358,1359,train
1359,1360,train
1360,1361,train
1361,1362,train
1362,1363,train
1363,1364,train
1364,1365,train
1365,1366,train
1366,1367,train
1367,1368,train
1368,1369,train
1369,1370,train
1370,1371,train
1371,1372,train
1372,1373,train
1373,1374,train
1374,1375,train
1375,1376,train
1376,1377,train
1377,1378,train
1378,1379,train
1379,1380,train
1380,1381,train
1381,1382,train
1382,1383,train
1383,1384,train
1384,1385,train
1385,1386,train
1386,1387,train
1387,1388,train
1388,1389,train
1389,1390,train
1390,1391,train
1391,1392,train
1392,1393,train
1393,1394,train
1394,1395,train
1395,1396,train
1396,1397,train
1397,1398,train
1398,1399,train
1399,1400,train
1400,1401,train
1401,1402,train
1402,1403,train
1403,1404,train
1404,1405,train
1405,1406,train
1406,1407,train
1407,1408,train
1408,1409,train
1409,1410,train
1410,1411,train
1411,1412,train
1412,1413,train
1413,1414,train
1414,1415,train
1415,1416,train
1416,1417,train
1417,1418,train
1418,1419,train
1419,1420,train
1420,1421,train
1421,1422,train
1422,1423,train
1423,1424,train
1424,1425,train
1425,1426,train
1426,1427,train
1427,1428,train
1428,1429,train
1429,1430,train
1430,1431,train
1431,1432,train
1432,1433,train
1433,1434,train
1434,1435,train
1435,1436,train
1436,1437,train
1437,1438,train
1438,1439,train
1439,1440,train
1440,1441,train
1441,1442,train
1442,1443,train
1443,1444,train
1444,1445,train
1445,1446,train
1446,1447,train
1447,1448,train
1448,1449,train
1449,1450,train
1450,1451,train
1451,1452,train
1452,1453,train
1453,1454,train
1454,1455,train
1455,1456,train
1456,1457,train
1457,1458,train
1458,1459,train
1459,1460,train
1460,1461,train
1461,1462,train
1462,1463,train
1463,1464,train
1464,1465,train
1465,1466,train
1466,1467,train
1467,1468,train
1468,1469,train
1469,1470,train
1470,1471,train
1471,1472,train
1472,1473,train
1473,1474,train
1474,1475,train
1475,1476,train
1476,1477,train
1477,1478,train
1478,1479,train
1479,1480,train
1480,1481,train
1481,1482,train
1482,1483,train
1483,1484,train
1484,1485,train
1485,1486,train
1486,1487,train
1487,1488,train
1488,1489,train
1489,1490,train
1490,1491,train
1491,1492,train
1492,1493,train
1493,1494,train
1494,1495,train
1495,1496,train
1496,1497,train
1497,1498,train
1498,1499,train
1499,1500,train
1500,1501,train
1501,1502,train
1502,1503,train
1503,1504,train
1504,1505,train
1505,1506,train
1506,1507,train
1507,1508,train
1508,1509,train
1509,1510,train
1510,1511,train
1511,1512,train
1512,1513,train
1513,1514,train
1514,1515,train
1515,1516,train
1516,1517,train
1517,1518,train
1518,1519,train
1519,1520,train
1520,1521,train
1521,1522,train
1522,1523,train
1523,1524,train
1524,1525,train
1525,1526,train
1526,1527,train
1527,1528,train
1528,1529,train
1529,1530,train
1530,1531,train
1531,1532,train
1532,1533,train
1533,1534,train
1534,1535,train
1535,1536,train
1536,1537,train
1537,1538,train
1538,1539,train
1539,1540,train
1540,1541,train
1541,1542,train
1542,1543,train
1543,1544,train
1544,1545,train
1545,1546,train
1546,1547,train
1547,1548,train
1548,1549,train
1549,1550,train
1550,1551,train
1551,1552,train
1552,1553,train
1553,1554,train
1554,1555,train
1555,1556,train
1556,1557,train
1557,1558,train
1558,1559,train
1559,1560,train
1560,1561,train
1561,1562,train
1562,1563,train
1563,1564,train
1564,1565,train
1565,1566,train
1566,1567,train
1567,1568,train
1568,1569,train
1569,1570,train
1570,1571,train
1571,1572,train
1572,1573,train
1573,1574,train
1574,1575,train
1575,1576,train
1576,1577,train
1577,1578,train
1578,1579,train
1579,1580,train
1580,1581,train
1581,1582,train
1582,1583,train
1583,1584,train
1584,1585,train
1585,1586,train
1586,1587,train
1587,1588,train
1588,1589,train
1589,1590,train
1590,1591,train
1591,1592,train
1592,1593,train
1593,1594,train
1594,1595,train
1595,1596,train
1596,1597,train
1597,1598,train
1598,1599,train
1599,1600,train
1600,1601,train
1601,1602,train
1602,1603,train
1603,1604,train
1604,1605,train
1605,1606,train
1606,1607,train
1607,1608,train
1608,1609,train
1609,1610,train
1610,1611,train
1611,1612,train
1612,1613,train
1613,1614,train
1614,1615,train
1615,1616,train
1616,1617,train
1617,1618,train
1618,1619,train
1619,1620,train
1620,1621,train
1621,1622,train
1622,1623,train
1623,1624,train
1624,1625,train
1625,1626,train
1626,1627,train
1627,1628,train
1628,1629,train
1629,1630,train
1630,1631,train
1631,1632,train
1632,1633,train
1633,1634,train
1634,1635,train
1635,1636,train
1636,1637,train
1637,1638,train
1638,1639,train
1639,1640,train
1640,1641,train
1641,1642,train
1642,1643,train
1643,1644,train
1644,1645,train
1645,1646,train
1646,1647,train
1647,1648,train
1648,1649,train
1649,1650,train
1650,1651,train
1651,1652,train
1652,1653,train
1653,1654,train
1654,1655,train
1655,1656,train
1656,1657,train
1657,1658,train
1658,1659,train
1659,1660,train
1660,1661,train
1661,1662,train
1662,1663,train
1663,1664,train
1664,1665,train
1665,1666,train
1666,1667,train
1667,1668,train
1668,1669,train
1669,1670,train
1670,1671,train
1671,1672,train
1672,1673,train
1673,1674,train
1674,1675,train
1675,1676,train
1676,1677,train
1677,1678,train
1678,1679,train
1679,1680,train
1680,1681,train
1681,1682,train
1682,1683,train
1683,1684,train
1684,1685,train
1685,1686,train
1686,1687,train
1687,1688,train
1688,1689,train
1689,1690,train
1690,1691,train
1691,1692,train
1692,1693,train
1693,1694,train
1694,1695,train
1695,1696,train
1696,1697,train
1697,1698,train
1698,1699,train
1699,1700,train
1700,1701,train
1701,1702,train
1702,1703,train
1703,1704,train
1704,1705,train
1705,1706,train
1706,1707,train
1707,1708,train
1708,1709,train
1709,1710,train
1710,1711,train
1711,1712,train
1712,1713,train
1713,1714,train
1714,1715,train
1715,1716,train
1716,1717,train
1717,1718,train
1718,1719,train
1719,1720,train
1720,1721,train
1721,1722,train
1722,1723,train
1723,1724,train
1724,1725,train
1725,1726,train
1726,1727,train
1727,1728,train
1728,1729,train
1729,1730,train
1730,1731,train
1731,1732,train
1732,1733,train
1733,1734,train
1734,1735,train
1735,1736,train
1736,1737,train
1737,1738,train
1738,1739,train
1739,1740,train
1740,1741,train
1741,1742,train
1742,1743,train
1743,1744,train
1744,1745,train
1745,1746,train
1746,1747,train
1747,1748,train
1748,1749,train
1749,1750,train
1750,1751,train
1751,1752,train
1752,1753,train
1753,1754,train
1754,1755,train
1755,1756,train
1756,1757,train
1757,1758,train
1758,1759,train
1759,1760,train
1760,1761,train
1761,1762,train
1762,1763,train
1763,1764,train
1764,1765,train
1765,1766,train
1766,1767,train
1767,1768,train
1768,1769,train
1769,1770,train
1770,1771,train
1771,1772,train
1772,1773,train
1773,1774,train
1774,1775,train
1775,1776,train
1776,1777,train
1777,1778,train
1778,1779,train
1779,1780,train
1780,1781,train
1781,1782,train
1782,1783,train
1783,1784,train
1784,1785,train
1785,1786,train
1786,1787,train
1787,1788,train
1788,1789,train
1789,1790,train
1790,1791,train
1791,1792,train
1792,1793,train
1793,1794,train
1794,1795,train
1795,1796,train
1796,1797,train
1797,1798,train
1798,1799,train
1799,1800,train
1800,1801,train
1801,1802,train
1802,1803,train
1803,1804,train
1804,1805,train
1805,1806,train
1806,1807,train
1807,1808,train
1808,1809,train
1809,1810,train
1810,1811,train
1811,1812,train
1812,1813,train
1813,1814,train
1814,1815,train
1815,1816,train
1816,1817,train
1817,1818,train
1818,1819,train
1819,1820,train
1820,1821,train
1821,1822,train
1822,1823,train
1823,1824,train
1824,1825,train
1825,1826,train
1826,1827,train
1827,1828,train
1828,1829,train
1829,1830,train
1830,1831,train
1831,1832,train
1832,1833,train
1833,1834,train
1834,1835,train
1835,1836,train
1836,1837,train
1837,1838,train
1838,1839,train
1839,1840,train
1840,1841,train
1841,1842,train
1842,1843,train
1843,1844,train
1844,1845,train
1845,1846,train
1846,1847,train
1847,1848,train
1848,1849,train
1849,1850,train
1850,1851,train
1851,1852,train
1852,1853,train
1853,1854,train
1854,1855,train
1855,1856,train
1856,1857,train
1857,1858,train
1858,1859,train
1859,1860,train
1860,1861,train
1861,1862,train
1862,1863,train
1863,1864,train
1864,1865,train
1865,1866,train
1866,1867,train
1867,1868,train
1868,1869,train
1869,1870,train
1870,1871,train
1871,1872,train
1872,1873,train
1873,1874,train
1874,1875,train
1875,1876,train
1876,1877,train
1877,1878,train
1878,1879,train
1879,1880,train
1880,1881,train
1881,1882,train
1882,1883,train
1883,1884,train
1884,1885,train
1885,1886,train
1886,1887,train
1887,1888,train
1888,1889,train
1889,1890,train
1890,1891,train
1891,1892,train
1892,1893,train
1893,1894,train
1894,1895,train
1895,1896,train
1896,1897,train
1897,1898,train
1898,1899,train
1899,1900,train
1900,1901,train
1901,1902,train
1902,1903,train
1903,1904,train
1904,1905,train
1905,1906,train
1906,1907,train
1907,1908,train
1908,1909,train
1909,1910,train
1910,1911,train
1911,1912,train
1912,1913,train
1913,1914,train
1914,1915,train
1915,1916,train
1916,1917,train
1917,1918,train
1918,1919,train
1919,1920,train
1920,1921,train
1921,1922,train
1922,1923,train
1923,1924,train
1924,1925,train
1925,1926,train
1926,1927,train
1927,1928,train
1928,1929,train
1929,1930,train
1930,1931,train
1931,1932,train
1932,1933,train
1933,1934,train
1934,1935,train
1935,1936,train
1936,1937,train
1937,1938,train
1938,1939,train
1939,1940,train
1940,1941,train
1941,1942,train
1942,1943,train
1943,1944,train
1944,1945,train
1945,1946,train
1946,1947,train
1947,1948,train
1948,1949,train
1949,1950,train
1950,1951,train
1951,1952,train
1952,1953,train
1953,1954,train
1954,1955,train
1955,1956,train
1956,1957,train
1957,1958,train
1958,1959,train
1959,1960,train
1960,1961,train
1961,1962,train
1962,1963,train
1963,1964,train
1964,1965,train
1965,1966,train
1966,1967,train
1967,1968,train
1968,1969,train
1969,1970,train
1970,1971,train
1971,1972,train
1972,1973,train
1973,1974,train
1974,1975,train
1975,1976,train
1976,1977,train
1977,1978,train
1978,1979,train
1979,1980,train
1980,1981,train
1981,1982,train
1982,1983,train
1983,1984,train
1984,1985,train
1985,1986,train
1986,1987,train
1987,1988,train
1988,1989,train
1989,1990,train
1990,1991,train
1991,1992,train
1992,1993,train
1993,1994,train
1994,1995,train
1995,1996,train
1996,1997,train
1997,1998,train
1998,1999,train
1999,2000,train
2000,2001,train
2001,2002,train
2002,2003,train
2003,2004,train
2004,2005,train
2005,2006,train
2006,2007,train
2007,2008,train
2008,2009,train
2009,2010,train
2010,2011,train
2011,2012,train
2012,2013,train
2013,2014,train
2014,2015,train
2015,2016,train
2016,2017,train
2017,2018,train
2018,2019,train
2019,2020,train
2020,2021,train
2021,2022,train
2022,2023,train
2023,2024,train
2024,2025,train
2025,2026,train
2026,2027,train
2027,2028,train
2028,2029,train
2029,2030,train
2030,2031,train
2031,2032,train
2032,2033,train
2033,2034,train
2034,2035,train
2035,2036,train
2036,2037,train
2037,2038,train
2038,2039,train
2039,2040,train
2040,2041,train
2041,2042,train
2042,2043,train
2043,2044,train
2044,2045,train
2045,2046,train
2046,2047,train
2047,2048,train
2048,2049,train
2049,2050,train
2050,2051,train
2051,2052,train
2052,2053,train
2053,2054,train
2054,2055,train
2055,2056,train
2056,2057,train
2057,2058,train
2058,2059,train
2059,2060,train
2060,2061,train
2061,2062,train
2062,2063,train
2063,2064,train
2064,2065,train
2065,2066,train
2066,2067,train
2067,2068,train
2068,2069,train
2069,2070,train
2070,2071,train
2071,2072,train
2072,2073,train
2073,2074,train
2074,2075,train
2075,2076,train
2076,2077,train
2077,2078,train
2078,2079,train
2079,2080,train
2080,2081,train
2081,2082,train
2082,2083,train
2083,2084,train
2084,2085,train
2085,2086,train
2086,2087,train
2087,2088,train
2088,2089,train
2089,2090,train
2090,2091,train
2091,2092,train
2092,2093,train
2093,2094,train
2094,2095,train
2095,2096,train
2096,2097,train
2097,2098,train
2098,2099,train
2099,2100,train
2100,2101,train
2101,2102,train
2102,2103,train
2103,2104,train
2104,2105,train
2105,2106,train
2106,2107,train
2107,2108,train
2108,2109,train
2109,2110,train
2110,2111,train
2111,2112,train
2112,2113,train
2113,2114,train
2114,2115,train
2115,2116,train
2116,2117,train
2117,2118,train
2118,2119,train
2119,2120,train
2120,2121,train
2121,2122,train
2122,2123,train
2123,2124,train
2124,2125,train
2125,2126,train
2126,2127,train
2127,2128,train
2128,2129,train
2129,2130,train
2130,2131,train
2131,2132,train
2132,2133,train
2133,2134,train
2134,2135,train
2135,2136,train
2136,2137,train
2137,2138,train
2138,2139,train
2139,2140,train
2140,2141,train
2141,2142,train
2142,2143,train
2143,2144,train
2144,2145,train
2145,2146,train
2146,2147,train
2147,2148,train
2148,2149,train
2149,2150,train
2150,2151,train
2151,2152,train
2152,2153,train
2153,2154,train
2154,2155,train
2155,2156,train
2156,2157,train
2157,2158,train
2158,2159,train
2159,2160,train
2160,2161,train
2161,2162,train
2162,2163,train
2163,2164,train
2164,2165,train
2165,2166,train
2166,2167,train
2167,2168,train
2168,2169,train
2169,2170,train
2170,2171,train
2171,2172,train
2172,2173,train
2173,2174,train
2174,2175,train
2175,2176,train
2176,2177,train
2177,2178,train
2178,2179,train
2179,2180,train
2180,2181,train
2181,2182,train
2182,2183,train
2183,2184,train
2184,2185,train
2185,2186,train
2186,2187,train
2187,2188,train
2188,2189,train
2189,2190,train
2190,2191,train
2191,2192,train
2192,2193,train
2193,2194,train
2194,2195,train
2195,2196,train
2196,2197,train
2197,2198,train
2198,2199,train
2199,2200,train
2200,2201,train
2201,2202,train
2202,2203,train
2203,2204,train
2204,2205,train
2205,2206,train
2206,2207,train
2207,2208,train
2208,2209,train
2209,2210,train
2210,2211,train
2211,2212,train
2212,2213,train
2213,2214,train
2214,2215,train
2215,2216,train
2216,2217,train
2217,2218,train
2218,2219,train
2219,2220,train
2220,2221,train
2221,2222,train
2222,2223,train
2223,2224,train
2224,2225,train
2225,2226,train
2226,2227,train
2227,2228,train
2228,2229,train
2229,2230,train
2230,2231,train
2231,2232,train
2232,2233,train
2233,2234,train
2234,2235,train
2235,2236,train
2236,2237,train
2237,2238,train
2238,2239,train
2239,2240,train
2240,2241,train
2241,2242,train
2242,2243,train
2243,2244,train
2244,2245,train
2245,2246,train
2246,2247,train
2247,2248,train
2248,2249,train
2249,2250,train
2250,2251,train
2251,2252,train
2252,2253,train
2253,2254,train
2254,2255,train
2255,2256,train
2256,2257,train
2257,2258,train
2258,2259,train
2259,2260,train
2260,2261,train
2261,2262,train
2262,2263,train
2263,2264,train
2264,2265,train
2265,2266,train
2266,2267,train
2267,2268,train
2268,2269,train
2269,2270,train
2270,2271,train
2271,2272,train
2272,2273,train
2273,2274,train
2274,2275,train
2275,2276,train
2276,2277,train
2277,2278,train
2278,2279,train
2279,2280,train
2280,2281,train
2281,2282,train
2282,2283,train
2283,2284,train
2284,2285,train
2285,2286,train
2286,2287,train
2287,2288,train
2288,2289,train
2289,2290,train
2290,2291,train
2291,2292,train
2292,2293,train
2293,2294,train
2294,2295,train
2295,2296,train
2296,2297,train
2297,2298,train
2298,2299,train
2299,2300,train
2300,2301,train
2301,2302,train
2302,2303,train
2303,2304,train
2304,2305,train
2305,2306,train
2306,2307,train
2307,2308,train
2308,2309,train
2309,2310,train
2310,2311,train
2311,2312,train
2312,2313,train
2313,2314,train
2314,2315,train
2315,2316,train
2316,2317,train
2317,2318,train
2318,2319,train
2319,2320,train
2320,2321,train
2321,2322,train
2322,2323,train
2323,2324,train
2324,2325,train
2325,2326,train
2326,2327,train
2327,2328,train
2328,2329,train
2329,2330,train
2330,2331,train
2331,2332,train
2332,2333,train
2333,2334,train
2334,2335,train
2335,2336,train
2336,2337,train
2337,2338,train
2338,2339,train
2339,2340,train
2340,2341,train
2341,2342,train
2342,2343,train
2343,2344,train
2344,2345,train
2345,2346,train
2346,2347,train
2347,2348,train
2348,2349,train
2349,2350,train
2350,2351,train
2351,2352,train
2352,2353,train
2353,2354,train
2354,2355,train
2355,2356,train
2356,2357,train
2357,2358,train
2358,2359,train
2359,2360,train
2360,2361,train
2361,2362,train
2362,2363,train
2363,2364,train
2364,2365,train
2365,2366,train
2366,2367,train
2367,2368,train
2368,2369,train
2369,2370,train
2370,2371,train
2371,2372,train
2372,2373,train
2373,2374,train
2374,2375,train
2375,2376,train
2376,2377,train
2377,2378,train
2378,2379,train
2379,2380,train
2380,2381,train
2381,2382,train
2382,2383,train
2383,2384,train
2384,2385,train
2385,2386,train
2386,2387,train
2387,2388,train
2388,2389,train
2389,2390,train
2390,2391,train
2391,2392,train
2392,2393,train
2393,2394,train
2394,2395,train
2395,2396,train
2396,2397,train
2397,2398,train
2398,2399,train
2399,2400,train
2400,2401,train
2401,2402,train
2402,2403,train
2403,2404,train
2404,2405,train
2405,2406,train
2406,2407,train
2407,2408,train
2408,2409,train
2409,2410,train
2410,2411,train
2411,2412,train
2412,2413,train
2413,2414,train
2414,2415,train
2415,2416,train
2416,2417,train
2417,2418,train
2418,2419,train
2419,2420,train
2420,2421,train
2421,2422,train
2422,2423,train
2423,2424,train
2424,2425,train
2425,2426,train
2426,2427,train
2427,2428,train
2428,2429,train
2429,2430,train
2430,2431,train
2431,2432,train
2432,2433,train
2433,2434,train
2434,2435,train
2435,2436,train
2436,2437,train
2437,2438,train
2438,2439,train
2439,2440,train
2440,2441,train
2441,2442,train
2442,2443,train
2443,2444,train
2444,2445,train
2445,2446,train
2446,2447,train
2447,2448,train
2448,2449,train
2449,2450,train
2450,2451,train
2451,2452,train
2452,2453,train
2453,2454,train
2454,2455,train
2455,2456,train
2456,2457,train
2457,2458,train
2458,2459,train
2459,2460,train
2460,2461,train
2461,2462,train
2462,2463,train
2463,2464,train
2464,2465,train
2465,2466,train
2466,2467,train
2467,2468,train
2468,2469,train
2469,2470,train
2470,2471,train
2471,2472,train
2472,2473,train
2473,2474,train
2474,2475,train
2475,2476,train
2476,2477,train
2477,2478,train
2478,2479,train
2479,2480,train
2480,2481,train
2481,2482,train
2482,2483,train
2483,2484,train
2484,2485,train
2485,2486,train
2486,2487,train
2487,2488,train
2488,2489,train
2489,2490,train
2490,2491,train
2491,2492,train
2492,2493,train
2493,2494,train
2494,2495,train
2495,2496,train
2496,2497,train
2497,2498,train
2498,2499,train
2499,2500,train
2500,2501,train
2501,2502,train
2502,2503,train
2503,2504,train
2504,2505,train
2505,2506,train
2506,2507,train
2507,2508,train
2508,2509,train
2509,2510,train
2510,2511,train
2511,2512,train
2512,2513,train
2513,2514,train
2514,2515,train
2515,2516,train
2516,2517,train
2517,2518,train
2518,2519,train
2519,2520,train
2520,2521,train
2521,2522,train
2522,2523,train
2523,2524,train
2524,2525,train
2525,2526,train
2526,2527,train
2527,2528,train
2528,2529,train
2529,2530,train
2530,2531,train
2531,2532,train
2532,2533,train
2533,2534,train
2534,2535,train
2535,2536,train
2536,2537,train
2537,2538,train
2538,2539,train
2539,2540,train
2540,2541,train
2541,2542,train
2542,2543,train
2543,2544,train
2544,2545,train
2545,2546,train
2546,2547,train
2547,2548,train
2548,2549,train
2549,2550,train
2550,2551,train
2551,2552,train
2552,2553,train
2553,2554,train
2554,2555,train
2555,2556,train
2556,2557,train
2557,2558,train
2558,2559,train
2559,2560,train
2560,2561,train
2561,2562,train
2562,2563,train
2563,2564,train
2564,2565,train
2565,2566,train
2566,2567,train
2567,2568,train
2568,2569,train
2569,2570,train
2570,2571,train
2571,2572,train
2572,2573,train
2573,2574,train
2574,2575,train
2575,2576,train
2576,2577,train
2577,2578,train
2578,2579,train
2579,2580,train
2580,2581,train
2581,2582,train
2582,2583,train
2583,2584,train
2584,2585,train
2585,2586,train
2586,2587,train
2587,2588,train
2588,2589,train
2589,2590,train
2590,2591,train
2591,2592,train
2592,2593,train
2593,2594,train
2594,2595,train
2595,2596,train
2596,2597,train
2597,2598,train
2598,2599,train
2599,2600,train
2600,2601,train
2601,2602,train
2602,2603,train
2603,2604,train
2604,2605,train
2605,2606,train
2606,2607,train
2607,2608,train
2608,2609,train
2609,2610,train
2610,2611,train
2611,2612,train
2612,2613,train
2613,2614,train
2614,2615,train
2615,2616,train
2616,2617,train
2617,2618,train
2618,2619,train
2619,2620,train
2620,2621,train
2621,2622,train
2622,2623,train
2623,2624,train
2624,2625,train
2625,2626,train
2626,2627,train
2627,2628,train
2628,2629,train
2629,2630,train
2630,2631,train
2631,2632,train
2632,2633,train
2633,2634,train
2634,2635,train
2635,2636,train
2636,2637,train
2637,2638,train
2638,2639,train
2639,2640,train
2640,2641,train
2641,2642,train
2642,2643,train
2643,2644,train
2644,2645,train
2645,2646,train
2646,2647,train
2647,2648,train
2648,2649,train
2649,2650,train
2650,2651,train
2651,2652,train
2652,2653,train
2653,2654,train
2654,2655,train
2655,2656,train
2656,2657,train
2657,2658,train
2658,2659,train
2659,2660,train
2660,2661,train
2661,2662,train
2662,2663,train
2663,2664,train
2664,2665,train
2665,2666,train
2666,2667,train
2667,2668,train
2668,2669,train
2669,2670,train
2670,2671,train
2671,2672,train
2672,2673,train
2673,2674,train
2674,2675,train
2675,2676,train
2676,2677,train
2677,2678,train
2678,2679,train
2679,2680,train
2680,2681,train
2681,2682,train
2682,2683,train
2683,2684,train
2684,2685,train
2685,2686,train
2686,2687,train
2687,2688,train
2688,2689,train
2689,2690,train
2690,2691,train
2691,2692,train
2692,2693,train
2693,2694,train
2694,2695,train
2695,2696,train
2696,2697,train
2697,2698,train
2698,2699,train
2699,2700,train
2700,2701,train
2701,2702,train
2702,2703,train
2703,2704,train
2704,2705,train
2705,2706,train
2706,2707,train
2707,2708,train
2708,2709,train
2709,2710,train
2710,2711,train
2711,2712,train
2712,2713,train
2713,2714,train
2714,2715,train
2715,2716,train
2716,2717,train
2717,2718,train
2718,2719,train
2719,2720,train
2720,2721,train
2721,2722,train
2722,2723,train
2723,2724,train
2724,2725,train
2725,2726,train
2726,2727,train
2727,2728,train
2728,2729,train
2729,2730,train
2730,2731,train
2731,2732,train
2732,2733,train
2733,2734,train
2734,2735,train
2735,2736,train
2736,2737,train
2737,2738,train
2738,2739,train
2739,2740,train
2740,2741,train
2741,2742,train
2742,2743,train
2743,2744,train
2744,2745,train
2745,2746,train
2746,2747,train
2747,2748,train
2748,2749,train
2749,2750,train
2750,2751,train
2751,2752,train
2752,2753,train
2753,2754,train
2754,2755,train
2755,2756,train
2756,2757,train
2757,2758,train
2758,2759,train
2759,2760,train
2760,2761,train
2761,2762,train
2762,2763,train
2763,2764,train
2764,2765,train
2765,2766,train
2766,2767,train
2767,2768,train
2768,2769,train
2769,2770,train
2770,2771,train
2771,2772,train
2772,2773,train
2773,2774,train
2774,2775,train
2775,2776,train
2776,2777,train
2777,2778,train
2778,2779,train
2779,2780,train
2780,2781,train
2781,2782,train
2782,2783,train
2783,2784,train
2784,2785,train
2785,2786,train
2786,2787,train
2787,2788,train
2788,2789,train
2789,2790,train
2790,2791,train
2791,2792,train
2792,2793,train
2793,2794,train
2794,2795,train
2795,2796,train
2796,2797,train
2797,2798,train
2798,2799,train
2799,2800,train
2800,2801,train
2801,2802,train
2802,2803,train
2803,2804,train
2804,2805,train
2805,2806,train
2806,2807,train
2807,2808,train
2808,2809,train
2809,2810,train
2810,2811,train
2811,2812,train
2812,2813,train
2813,2814,train
2814,2815,train
2815,2816,train
2816,2817,train
2817,2818,train
2818,2819,train
2819,2820,train
2820,2821,train
2821,2822,train
2822,2823,train
2823,2824,train
2824,2825,train
2825,2826,train
2826,2827,train
2827,2828,train
2828,2829,train
2829,2830,train
2830,2831,train
2831,2832,train
2832,2833,train
2833,2834,train
2834,2835,train
2835,2836,train
2836,2837,train
2837,2838,train
2838,2839,train
2839,2840,train
2840,2841,train
2841,2842,train
2842,2843,train
2843,2844,train
2844,2845,train
2845,2846,train
2846,2847,train
2847,2848,train
2848,2849,train
2849,2850,train
2850,2851,train
2851,2852,train
2852,2853,train
2853,2854,train
2854,2855,train
2855,2856,train
2856,2857,train
2857,2858,train
2858,2859,train
2859,2860,train
2860,2861,train
2861,2862,train
2862,2863,train
2863,2864,train
2864,2865,train
2865,2866,train
2866,2867,train
2867,2868,train
2868,2869,train
2869,2870,train
2870,2871,train
2871,2872,train
2872,2873,train
2873,2874,train
2874,2875,train
2875,2876,train
2876,2877,train
2877,2878,train
2878,2879,train
2879,2880,train
2880,2881,train
2881,2882,train
2882,2883,train
2883,2884,train
2884,2885,train
2885,2886,train
2886,2887,train
2887,2888,train
2888,2889,train
2889,2890,train
2890,2891,train
2891,2892,train
2892,2893,train
2893,2894,train
2894,2895,train
2895,2896,train
2896,2897,train
2897,2898,train
2898,2899,train
2899,2900,train
2900,2901,train
2901,2902,train
2902,2903,train
2903,2904,train
2904,2905,train
2905,2906,train
2906,2907,train
2907,2908,train
2908,2909,train
2909,2910,train
2910,2911,train
2911,2912,train
2912,2913,train
2913,2914,train
2914,2915,train
2915,2916,train
2916,2917,train
2917,2918,train
2918,2919,train
2919,2920,train
2920,2921,train
2921,2922,train
2922,2923,train
2923,2924,train
2924,2925,train
2925,2926,train
2926,2927,train
2927,2928,train
2928,2929,train
2929,2930,train
2930,2931,train
2931,2932,train
2932,2933,train
2933,2934,train
2934,2935,train
2935,2936,train
2936,2937,train
2937,2938,train
2938,2939,train
2939,2940,train
2940,2941,train
2941,2942,train
2942,2943,train
2943,2944,train
2944,2945,train
2945,2946,train
2946,2947,train
2947,2948,train
2948,2949,train
2949,2950,train
2950,2951,train
2951,2952,train
2952,2953,train
2953,2954,train
2954,2955,train
2955,2956,train
2956,2957,train
2957,2958,train
2958,2959,train
2959,2960,train
2960,2961,train
2961,2962,train
2962,2963,train
2963,2964,train
2964,2965,train
2965,2966,train
2966,2967,train
2967,2968,train
2968,2969,train
2969,2970,train
2970,2971,train
2971,2972,train
2972,2973,train
2973,2974,train
2974,2975,train
2975,2976,train
2976,2977,train
2977,2978,train
2978,2979,train
2979,2980,train
2980,2981,train
2981,2982,train
2982,2983,train
2983,2984,train
2984,2985,train
2985,2986,train
2986,2987,train
2987,2988,train
2988,2989,train
2989,2990,train
2990,2991,train
2991,2992,train
2992,2993,train
2993,2994,train
2994,2995,train
2995,2996,train
2996,2997,train
2997,2998,train
2998,2999,train
2999,3000,train
3000,3001,train
3001,3002,train
3002,3003,train
3003,3004,train
3004,3005,train
3005,3006,train
3006,3007,train
3007,3008,train
3008,3009,train
3009,3010,train
3010,3011,train
3011,3012,train
3012,3013,train
3013,3014,train
3014,3015,train
3015,3016,train
3016,3017,train
3017,3018,train
3018,3019,train
3019,3020,train
3020,3021,train
3021,3022,train
3022,3023,train
3023,3024,train
3024,3025,train
3025,3026,train
3026,3027,train
3027,3028,train
3028,3029,train
3029,3030,train
3030,3031,train
3031,3032,train
3032,3033,train
3033,3034,train
3034,3035,train
3035,3036,train
3036,3037,train
3037,3038,train
3038,3039,train
3039,3040,train
3040,3041,train
3041,3042,train
3042,3043,train
3043,3044,train
3044,3045,train
3045,3046,train
3046,3047,train
3047,3048,train
3048,3049,train
3049,3050,train
3050,3051,train
3051,3052,train
3052,3053,train
3053,3054,train
3054,3055,train
3055,3056,train
3056,3057,train
3057,3058,train
3058,3059,train
3059,3060,train
3060,3061,train
3061,3062,train
3062,3063,train
3063,3064,train
3064,3065,train
3065,3066,train
3066,3067,train
3067,3068,train
3068,3069,train
3069,3070,train
3070,3071,train
3071,3072,train
3072,3073,train
3073,3074,train
3074,3075,train
3075,3076,train
3076,3077,train
3077,3078,train
3078,3079,train
3079,3080,train
3080,3081,train
3081,3082,train
3082,3083,train
3083,3084,train
3084,3085,train
3085,3086,train
3086,3087,train
3087,3088,train
3088,3089,train
3089,3090,train
3090,3091,train
3091,3092,train
3092,3093,train
3093,3094,train
3094,3095,train
3095,3096,train
3096,3097,train
3097,3098,train
3098,3099,train
3099,3100,train
3100,3101,train
3101,3102,train
3102,3103,train
3103,3104,train
3104,3105,train
3105,3106,train
3106,3107,train
3107,3108,train
3108,3109,train
3109,3110,train
3110,3111,train
3111,3112,train
3112,3113,train
3113,3114,train
3114,3115,train
3115,3116,train
3116,3117,train
3117,3118,train
3118,3119,train
3119,3120,train
3120,3121,train
3121,3122,train
3122,3123,train
3123,3124,train
3124,3125,train
3125,3126,train
3126,3127,train
3127,3128,train
3128,3129,train
3129,3130,train
3130,3131,train
3131,3132,train
3132,3133,train
3133,3134,train
3134,3135,train
3135,3136,train
3136,3137,train
3137,3138,train
3138,3139,train
3139,3140,train
3140,3141,train
3141,3142,train
3142,3143,train
3143,3144,train
3144,3145,train
3145,3146,train
3146,3147,train
3147,3148,train
3148,3149,train
3149,3150,train
3150,3151,train
3151,3152,train
3152,3153,train
3153,3154,train
3154,3155,train
3155,3156,train
3156,3157,train
3157,3158,train
3158,3159,train
3159,3160,train
3160,3161,train
3161,3162,train
3162,3163,train
3163,3164,train
3164,3165,train
3165,3166,train
3166,3167,train
3167,3168,train
3168,3169,train
3169,3170,train
3170,3171,train
3171,3172,train
3172,3173,train
3173,3174,train
3174,3175,train
3175,3176,train
3176,3177,train
3177,3178,train
3178,3179,train
3179,3180,train
3180,3181,train
3181,3182,train
3182,3183,train
3183,3184,train
3184,3185,train
3185,3186,train
3186,3187,train
3187,3188,train
3188,3189,train
3189,3190,train
3190,3191,train
3191,3192,train
3192,3193,train
3193,3194,train
3194,3195,train
3195,3196,train
3196,3197,train
3197,3198,train
3198,3199,train
3199,3200,train
3200,3201,train
3201,3202,train
3202,3203,train
3203,3204,train
3204,3205,train
3205,3206,train
3206,3207,train
3207,3208,train
3208,3209,train
3209,3210,train
3210,3211,train
3211,3212,train
3212,3213,train
3213,3214,train
3214,3215,train
3215,3216,train
3216,3217,train
3217,3218,train
3218,3219,train
3219,3220,train
3220,3221,train
3221,3222,train
3222,3223,train
3223,3224,train
3224,3225,train
3225,3226,train
3226,3227,train
3227,3228,train
3228,3229,train
3229,3230,train
3230,3231,train
3231,3232,train
3232,3233,train
3233,3234,train
3234,3235,train
3235,3236,train
3236,3237,train
3237,3238,train
3238,3239,train
3239,3240,train
3240,3241,train
3241,3242,train
3242,3243,train
3243,3244,train
3244,3245,train
3245,3246,train
3246,3247,train
3247,3248,train
3248,3249,train
3249,3250,train
3250,3251,train
3251,3252,train
3252,3253,train
3253,3254,train
3254,3255,train
3255,3256,train
3256,3257,train
3257,3258,train
3258,3259,train
3259,3260,train
3260,3261,train
3261,3262,train
3262,3263,train
3263,3264,train
3264,3265,train
3265,3266,train
3266,3267,train
3267,3268,train
3268,3269,train
3269,3270,train
3270,3271,train
3271,3272,train
3272,3273,train
3273,3274,train
3274,3275,train
3275,3276,train
3276,3277,train
3277,3278,train
3278,3279,train
3279,3280,train
3280,3281,train
3281,3282,train
3282,3283,train
3283,3284,train
3284,3285,train
3285,3286,train
3286,3287,train
3287,3288,train
3288,3289,train
3289,3290,train
3290,3291,train
3291,3292,train
3292,3293,train
3293,3294,train
3294,3295,train
3295,3296,train
3296,3297,train
3297,3298,train
3298,3299,train
3299,3300,train
3300,3301,train
3301,3302,train
3302,3303,train
3303,3304,train
3304,3305,train
3305,3306,train
3306,3307,train
3307,3308,train
3308,3309,train
3309,3310,train
3310,3311,train
3311,3312,train
3312,3313,train
3313,3314,train
3314,3315,train
3315,3316,train
3316,3317,train
3317,3318,train
3318,3319,train
3319,3320,train
3320,3321,train
3321,3322,train
3322,3323,train
3323,3324,train
3324,3325,train
3325,3326,train
3326,3327,train
3327,3328,train
3328,3329,train
3329,3330,train
3330,3331,train
3331,3332,train
3332,3333,train
3333,3334,train
3334,3335,train
3335,3336,train
3336,3337,train
3337,3338,train
3338,3339,train
3339,3340,train
3340,3341,train
3341,3342,train
3342,3343,train
3343,3344,train
3344,3345,train
3345,3346,train
3346,3347,train
3347,3348,train
3348,3349,train
3349,3350,train
3350,3351,train
3351,3352,train
3352,3353,train
3353,3354,train
3354,3355,train
3355,3356,train
3356,3357,train
3357,3358,train
3358,3359,train
3359,3360,train
3360,3361,train
3361,3362,train
3362,3363,train
3363,3364,train
3364,3365,train
3365,3366,train
3366,3367,train
3367,3368,train
3368,3369,train
3369,3370,train
3370,3371,train
3371,3372,train
3372,3373,train
3373,3374,train
3374,3375,train
3375,3376,train
3376,3377,train
3377,3378,train
3378,3379,train
3379,3380,train
3380,3381,train
3381,3382,train
3382,3383,train
3383,3384,train
3384,3385,train
3385,3386,train
3386,3387,train
3387,3388,train
3388,3389,train
3389,3390,train
3390,3391,train
3391,3392,train
3392,3393,train
3393,3394,train
3394,3395,train
3395,3396,train
3396,3397,train
3397,3398,train
3398,3399,train
3399,3400,train
3400,3401,train
3401,3402,train
3402,3403,train
3403,3404,train
3404,3405,train
3405,3406,train
3406,3407,train
3407,3408,train
3408,3409,train
3409,3410,train
3410,3411,train
3411,3412,train
3412,3413,train
3413,3414,train
3414,3415,train
3415,3416,train
3416,3417,train
3417,3418,train
3418,3419,train
3419,3420,train
3420,3421,train
3421,3422,train
3422,3423,train
3423,3424,train
3424,3425,train
3425,3426,train
3426,3427,train
3427,3428,train
3428,3429,train
3429,3430,train
3430,3431,train
3431,3432,train
3432,3433,train
3433,3434,train
3434,3435,train
3435,3436,train
3436,3437,train
3437,3438,train
3438,3439,train
3439,3440,train
3440,3441,train
3441,3442,train
3442,3443,train
3443,3444,train
3444,3445,train
3445,3446,train
3446,3447,train
3447,3448,train
3448,3449,train
3449,3450,train
3450,3451,train
3451,3452,train
3452,3453,train
3453,3454,train
3454,3455,train
3455,3456,train
3456,3457,train
3457,3458,train
3458,3459,train
3459,3460,train
3460,3461,train
3461,3462,train
3462,3463,train
3463,3464,train
3464,3465,train
3465,3466,train
3466,3467,train
3467,3468,train
3468,3469,train
3469,3470,train
3470,3471,train
3471,3472,train
3472,3473,train
3473,3474,train
3474,3475,train
3475,3476,train
3476,3477,train
3477,3478,train
3478,3479,train
3479,3480,train
3480,3481,train
3481,3482,train
3482,3483,train
3483,3484,train
3484,3485,train
3485,3486,train
3486,3487,train
3487,3488,train
3488,3489,train
3489,3490,train
3490,3491,train
3491,3492,train
3492,3493,train
3493,3494,train
3494,3495,train
3495,3496,train
3496,3497,train
3497,3498,train
3498,3499,train
3499,3500,train
3500,3501,train
3501,3502,train
3502,3503,train
3503,3504,train
3504,3505,train
3505,3506,train
3506,3507,train
3507,3508,train
3508,3509,train
3509,3510,train
3510,3511,train
3511,3512,train
3512,3513,train
3513,3514,train
3514,3515,train
3515,3516,train
3516,3517,train
3517,3518,train
3518,3519,train
3519,3520,train
3520,3521,train
3521,3522,train
3522,3523,train
3523,3524,train
3524,3525,train
3525,3526,train
3526,3527,train
3527,3528,train
3528,3529,train
3529,3530,train
3530,3531,train
3531,3532,train
3532,3533,train
3533,3534,train
3534,3535,train
3535,3536,train
3536,3537,train
3537,3538,train
3538,3539,train
3539,3540,train
3540,3541,train
3541,3542,train
3542,3543,train
3543,3544,train
3544,3545,train
3545,3546,train
3546,3547,train
3547,3548,train
3548,3549,train
3549,3550,train
3550,3551,train
3551,3552,train
3552,3553,train
3553,3554,train
3554,3555,train
3555,3556,train
3556,3557,train
3557,3558,train
3558,3559,train
3559,3560,train
3560,3561,train
3561,3562,train
3562,3563,train
3563,3564,train
3564,3565,train
3565,3566,train
3566,3567,train
3567,3568,train
3568,3569,train
3569,3570,train
3570,3571,train
3571,3572,train
3572,3573,train
3573,3574,train
3574,3575,train
3575,3576,train
3576,3577,train
3577,3578,train
3578,3579,train
3579,3580,train
3580,3581,train
3581,3582,train
3582,3583,train
3583,3584,train
3584,3585,train
3585,3586,train
3586,3587,train
3587,3588,train
3588,3589,train
3589,3590,train
3590,3591,train
3591,3592,train
3592,3593,train
3593,3594,train
3594,3595,train
3595,3596,train
3596,3597,train
3597,3598,train
3598,3599,train
3599,3600,train
3600,3601,train
3601,3602,train
3602,3603,train
3603,3604,train
3604,3605,train
3605,3606,train
3606,3607,train
3607,3608,train
3608,3609,train
3609,3610,train
3610,3611,train
3611,3612,train
3612,3613,train
3613,3614,train
3614,3615,train
3615,3616,train
3616,3617,train
3617,3618,train
3618,3619,train
3619,3620,train
3620,3621,train
3621,3622,train
3622,3623,train
3623,3624,train
3624,3625,train
3625,3626,train
3626,3627,train
3627,3628,train
3628,3629,train
3629,3630,train
3630,3631,train
3631,3632,train
3632,3633,train
3633,3634,train
3634,3635,train
3635,3636,train
3636,3637,train
3637,3638,train
3638,3639,train
3639,3640,train
3640,3641,train
3641,3642,train
3642,3643,train
3643,3644,train
3644,3645,train
3645,3646,train
3646,3647,train
3647,3648,train
3648,3649,train
3649,3650,train
3650,3651,train
3651,3652,train
3652,3653,train
3653,3654,train
3654,3655,train
3655,3656,train
3656,3657,train
3657,3658,train
3658,3659,train
3659,3660,train
3660,3661,train
3661,3662,train
3662,3663,train
3663,3664,train
3664,3665,train
3665,3666,train
3666,3667,train
3667,3668,train
3668,3669,train
3669,3670,train
3670,3671,train
3671,3672,train
3672,3673,train
3673,3674,train
3674,3675,train
3675,3676,train
3676,3677,train
3677,3678,train
3678,3679,train
3679,3680,train
3680,3681,train
3681,3682,train
3682,3683,train
3683,3684,train
3684,3685,train
3685,3686,train
3686,3687,train
3687,3688,train
3688,3689,train
3689,3690,train
3690,3691,train
3691,3692,train
3692,3693,train
3693,3694,train
3694,3695,train
3695,3696,train
3696,3697,train
3697,3698,train
3698,3699,train
3699,3700,train
3700,3701,train
3701,3702,train
3702,3703,train
3703,3704,train
3704,3705,train
3705,3706,train
3706,3707,train
3707,3708,train
3708,3709,train
3709,3710,train
3710,3711,train
3711,3712,train
3712,3713,train
3713,3714,train
3714,3715,train
3715,3716,train
3716,3717,train
3717,3718,train
3718,3719,train
3719,3720,train
3720,3721,train
3721,3722,train
3722,3723,train
3723,3724,train
3724,3725,train
3725,3726,train
3726,3727,train
3727,3728,train
3728,3729,train
3729,3730,train
3730,3731,train
3731,3732,train
3732,3733,train
3733,3734,train
3734,3735,train
3735,3736,train
3736,3737,train
3737,3738,train
3738,3739,train
3739,3740,train
3740,3741,train
3741,3742,train
3742,3743,train
3743,3744,train
3744,3745,train
3745,3746,train
3746,3747,train
3747,3748,train
3748,3749,train
3749,3750,train
3750,3751,train
3751,3752,train
3752,3753,train
3753,3754,train
3754,3755,train
3755,3756,train
3756,3757,train
3757,3758,train
3758,3759,train
3759,3760,train
3760,3761,train
3761,3762,train
3762,3763,train
3763,3764,train
3764,3765,train
3765,3766,train
3766,3767,train
3767,3768,train
3768,3769,train
3769,3770,train
3770,3771,train
3771,3772,train
3772,3773,train
3773,3774,train
3774,3775,train
3775,3776,train
3776,3777,train
3777,3778,train
3778,3779,train
3779,3780,train
3780,3781,train
3781,3782,train
3782,3783,train
3783,3784,train
3784,3785,train
3785,3786,train
3786,3787,train
3787,3788,train
3788,3789,train
3789,3790,train
3790,3791,train
3791,3792,train
3792,3793,train
3793,3794,train
3794,3795,train
3795,3796,train
3796,3797,train
3797,3798,train
3798,3799,train
3799,3800,train
3800,3801,train
3801,3802,train
3802,3803,train
3803,3804,train
3804,3805,train
3805,3806,train
3806,3807,train
3807,3808,train
3808,3809,train
3809,3810,train
3810,3811,train
3811,3812,train
3812,3813,train
3813,3814,train
3814,3815,train
3815,3816,train
3816,3817,train
3817,3818,train
3818,3819,train
3819,3820,train
3820,3821,train
3821,3822,train
3822,3823,train
3823,3824,train
3824,3825,train
3825,3826,train
3826,3827,train
3827,3828,train
3828,3829,train
3829,3830,train
3830,3831,train
3831,3832,train
3832,3833,train
3833,3834,train
3834,3835,train
3835,3836,train
3836,3837,train
3837,3838,train
3838,3839,train
3839,3840,train
3840,3841,train
3841,3842,train
3842,3843,train
3843,3844,train
3844,3845,train
3845,3846,train
3846,3847,train
3847,3848,train
3848,3849,train
3849,3850,train
3850,3851,train
3851,3852,train
3852,3853,train
3853,3854,train
3854,3855,train
3855,3856,train
3856,3857,train
3857,3858,train
3858,3859,train
3859,3860,train
3860,3861,train
3861,3862,train
3862,3863,train
3863,3864,train
3864,3865,train
3865,3866,train
3866,3867,train
3867,3868,train
3868,3869,train
3869,3870,train
3870,3871,train
3871,3872,train
3872,3873,train
3873,3874,train
3874,3875,train
3875,3876,train
3876,3877,train
3877,3878,train
3878,3879,train
3879,3880,train
3880,3881,train
3881,3882,train
3882,3883,train
3883,3884,train
3884,3885,train
3885,3886,train
3886,3887,train
3887,3888,train
3888,3889,train
3889,3890,train
3890,3891,train
3891,3892,train
3892,3893,train
3893,3894,train
3894,3895,train
3895,3896,train
3896,3897,train
3897,3898,train
3898,3899,train
3899,3900,train
3900,3901,train
3901,3902,train
3902,3903,train
3903,3904,train
3904,3905,train
3905,3906,train
3906,3907,train
3907,3908,train
3908,3909,train
3909,3910,train
3910,3911,train
3911,3912,train
3912,3913,train
3913,3914,train
3914,3915,train
3915,3916,train
3916,3917,train
3917,3918,train
3918,3919,train
3919,3920,train
3920,3921,train
3921,3922,train
3922,3923,train
3923,3924,train
3924,3925,train
3925,3926,train
3926,3927,train
3927,3928,train
3928,3929,train
3929,3930,train
3930,3931,train
3931,3932,train
3932,3933,train
3933,3934,train
3934,3935,train
3935,3936,train
3936,3937,train
3937,3938,train
3938,3939,train
3939,3940,train
3940,3941,train
3941,3942,train
3942,3943,train
3943,3944,train
3944,3945,train
3945,3946,train
3946,3947,train
3947,3948,train
3948,3949,train
3949,3950,train
3950,3951,train
3951,3952,train
3952,3953,train
3953,3954,train
3954,3955,train
3955,3956,train
3956,3957,train
3957,3958,train
3958,3959,train
3959,3960,train
3960,3961,train
3961,3962,train
3962,3963,train
3963,3964,train
3964,3965,train
3965,3966,train
3966,3967,train
3967,3968,train
3968,3969,train
3969,3970,train
3970,3971,train
3971,3972,train
3972,3973,train
3973,3974,train
3974,3975,train
3975,3976,train
3976,3977,train
3977,3978,train
3978,3979,train
3979,3980,train
3980,3981,train
3981,3982,train
3982,3983,train
3983,3984,train
3984,3985,train
3985,3986,train
3986,3987,train
3987,3988,train
3988,3989,train
3989,3990,train
3990,3991,train
3991,3992,train
3992,3993,train
3993,3994,train
3994,3995,train
3995,3996,train
3996,3997,train
3997,3998,train
3998,3999,train
3999,4000,train
4000,4001,train
4001,4002,train
4002,4003,train
4003,4004,train
4004,4005,train
4005,4006,train
4006,4007,train
4007,4008,train
4008,4009,train
4009,4010,train
4010,4011,train
4011,4012,train
4012,4013,train
4013,4014,train
4014,4015,train
4015,4016,train
4016,4017,train
4017,4018,train
4018,4019,train
4019,4020,train
4020,4021,train
4021,4022,train
4022,4023,train
4023,4024,train
4024,4025,train
4025,4026,train
4026,4027,train
4027,4028,train
4028,4029,train
4029,4030,train
4030,4031,train
4031,4032,train
4032,4033,train
4033,4034,train
4034,4035,train
4035,4036,train
4036,4037,train
4037,4038,train
4038,4039,train
4039,4040,train
4040,4041,train
4041,4042,train
4042,4043,train
4043,4044,train
4044,4045,train
4045,4046,train
4046,4047,train
4047,4048,train
4048,4049,train
4049,4050,train
4050,4051,train
4051,4052,train
4052,4053,train
4053,4054,train
4054,4055,train
4055,4056,train
4056,4057,train
4057,4058,train
4058,4059,train
4059,4060,train
4060,4061,train
4061,4062,train
4062,4063,train
4063,4064,train
4064,4065,train
4065,4066,train
4066,4067,train
4067,4068,train
4068,4069,train
4069,4070,train
4070,4071,train
4071,4072,train
4072,4073,train
4073,4074,train
4074,4075,train
4075,4076,train
4076,4077,train
4077,4078,train
4078,4079,train
4079,4080,train
4080,4081,train
4081,4082,train
4082,4083,train
4083,4084,train
4084,4085,train
4085,4086,train
4086,4087,train
4087,4088,train
4088,4089,train
4089,4090,train
4090,4091,train
4091,4092,train
4092,4093,train
4093,4094,train
4094,4095,train
4095,4096,train
4096,4097,train
4097,4098,train
4098,4099,train
4099,4100,train
4100,4101,train
4101,4102,train
4102,4103,train
4103,4104,train
4104,4105,train
4105,4106,train
4106,4107,train
4107,4108,train
4108,4109,train
4109,4110,train
4110,4111,train
4111,4112,train
4112,4113,train
4113,4114,train
4114,4115,train
4115,4116,train
4116,4117,train
4117,4118,train
4118,4119,train
4119,4120,train
4120,4121,train
4121,4122,train
4122,4123,train
4123,4124,train
4124,4125,train
4125,4126,train
4126,4127,train
4127,4128,train
4128,4129,train
4129,4130,train
4130,4131,train
4131,4132,train
4132,4133,train
4133,4134,train
4134,4135,train
4135,4136,train
4136,4137,train
4137,4138,train
4138,4139,train
4139,4140,train
4140,4141,train
4141,4142,train
4142,4143,train
4143,4144,train
4144,4145,train
4145,4146,train
4146,4147,train
4147,4148,train
4148,4149,train
4149,4150,train
4150,4151,train
4151,4152,train
4152,4153,train
4153,4154,train
4154,4155,train
4155,4156,train
4156,4157,train
4157,4158,train
4158,4159,train
4159,4160,train
4160,4161,train
4161,4162,train
4162,4163,train
4163,4164,train
4164,4165,train
4165,4166,train
4166,4167,train
4167,4168,train
4168,4169,train
4169,4170,train
4170,4171,train
4171,4172,train
4172,4173,train
4173,4174,train
4174,4175,train
4175,4176,train
4176,4177,train
4177,4178,train
4178,4179,train
4179,4180,train
4180,4181,train
4181,4182,train
4182,4183,train
4183,4184,train
4184,4185,train
4185,4186,train
4186,4187,train
4187,4188,train
4188,4189,train
4189,4190,train
4190,4191,train
4191,4192,train
4192,4193,train
4193,4194,train
4194,4195,train
4195,4196,train
4196,4197,train
4197,4198,train
4198,4199,train
4199,4200,train
4200,4201,train
4201,4202,train
4202,4203,train
4203,4204,train
4204,4205,train
4205,4206,train
4206,4207,train
4207,4208,train
4208,4209,train
4209,4210,train
4210,4211,train
4211,4212,train
4212,4213,train
4213,4214,train
4214,4215,train
4215,4216,train
4216,4217,train
4217,4218,train
4218,4219,train
4219,4220,train
4220,4221,train
4221,4222,train
4222,4223,train
4223,4224,train
4224,4225,train
4225,4226,train
4226,4227,train
4227,4228,train
4228,4229,train
4229,4230,train
4230,4231,train
4231,4232,train
4232,4233,train
4233,4234,train
4234,4235,train
4235,4236,train
4236,4237,train
4237,4238,train
4238,4239,train
4239,4240,train
4240,4241,train
4241,4242,train
4242,4243,train
4243,4244,train
4244,4245,train
4245,4246,train
4246,4247,train
4247,4248,train
4248,4249,train
4249,4250,train
4250,4251,train
4251,4252,train
4252,4253,train
4253,4254,train
4254,4255,train
4255,4256,train
4256,4257,train
4257,4258,train
4258,4259,train
4259,4260,train
4260,4261,train
4261,4262,train
4262,4263,train
4263,4264,train
4264,4265,train
4265,4266,train
4266,4267,train
4267,4268,train
4268,4269,train
4269,4270,train
4270,4271,train
4271,4272,train
4272,4273,train
4273,4274,train
4274,4275,train
4275,4276,train
4276,4277,train
4277,4278,train
4278,4279,train
4279,4280,train
4280,4281,train
4281,4282,train
4282,4283,train
4283,4284,train
4284,4285,train
4285,4286,train
4286,4287,train
4287,4288,train
4288,4289,train
4289,4290,train
4290,4291,train
4291,4292,train
4292,4293,train
4293,4294,train
4294,4295,train
4295,4296,train
4296,4297,train
4297,4298,train
4298,4299,train
4299,4300,train
4300,4301,train
4301,4302,train
4302,4303,train
4303,4304,train
4304,4305,train
4305,4306,train
4306,4307,train
4307,4308,train
4308,4309,train
4309,4310,train
4310,4311,train
4311,4312,train
4312,4313,train
4313,4314,train
4314,4315,train
4315,4316,train
4316,4317,train
4317,4318,train
4318,4319,train
4319,4320,train
4320,4321,train
4321,4322,train
4322,4323,train
4323,4324,train
4324,4325,train
4325,4326,train
4326,4327,train
4327,4328,train
4328,4329,train
4329,4330,train
4330,4331,train
4331,4332,train
4332,4333,train
4333,4334,train
4334,4335,train
4335,4336,train
4336,4337,train
4337,4338,train
4338,4339,train
4339,4340,train
4340,4341,train
4341,4342,train
4342,4343,train
4343,4344,train
4344,4345,train
4345,4346,train
4346,4347,train
4347,4348,train
4348,4349,train
4349,4350,train
4350,4351,train
4351,4352,train
4352,4353,train
4353,4354,train
4354,4355,train
4355,4356,train
4356,4357,train
4357,4358,train
4358,4359,train
4359,4360,train
4360,4361,train
4361,4362,train
4362,4363,train
4363,4364,train
4364,4365,train
4365,4366,train
4366,4367,train
4367,4368,train
4368,4369,train
4369,4370,train
4370,4371,train
4371,4372,train
4372,4373,train
4373,4374,train
4374,4375,train
4375,4376,train
4376,4377,train
4377,4378,train
4378,4379,train
4379,4380,train
4380,4381,train
4381,4382,train
4382,4383,train
4383,4384,train
4384,4385,train
4385,4386,train
4386,4387,train
4387,4388,train
4388,4389,train
4389,4390,train
4390,4391,train
4391,4392,train
4392,4393,train
4393,4394,train
4394,4395,train
4395,4396,train
4396,4397,train
4397,4398,train
4398,4399,train
4399,4400,train
4400,4401,train
4401,4402,train
4402,4403,train
4403,4404,train
4404,4405,train
4405,4406,train
4406,4407,train
4407,4408,train
4408,4409,train
4409,4410,train
4410,4411,train
4411,4412,train
4412,4413,train
4413,4414,train
4414,4415,train
4415,4416,train
4416,4417,train
4417,4418,train
4418,4419,train
4419,4420,train
4420,4421,train
4421,4422,train
4422,4423,train
4423,4424,train
4424,4425,train
4425,4426,train
4426,4427,train
4427,4428,train
4428,4429,train
4429,4430,train
4430,4431,train
4431,4432,train
4432,4433,train
4433,4434,train
4434,4435,train
4435,4436,train
4436,4437,train
4437,4438,train
4438,4439,train
4439,4440,train
4440,4441,train
4441,4442,train
4442,4443,train
4443,4444,train
4444,4445,train
4445,4446,train
4446,4447,train
4447,4448,train
4448,4449,train
4449,4450,train
4450,4451,train
4451,4452,train
4452,4453,train
4453,4454,train
4454,4455,train
4455,4456,train
4456,4457,train
4457,4458,train
4458,4459,train
4459,4460,train
4460,4461,train
4461,4462,train
4462,4463,train
4463,4464,train
4464,4465,train
4465,4466,train
4466,4467,train
4467,4468,train
4468,4469,train
4469,4470,train
4470,4471,train
4471,4472,train
4472,4473,train
4473,4474,train
4474,4475,train
4475,4476,train
4476,4477,train
4477,4478,train
4478,4479,train
4479,4480,train
4480,4481,train
4481,4482,train
4482,4483,train
4483,4484,train
4484,4485,train
4485,4486,train
4486,4487,train
4487,4488,train
4488,4489,train
4489,4490,train
4490,4491,train
4491,4492,train
4492,4493,train
4493,4494,train
4494,4495,train
4495,4496,train
4496,4497,train
4497,4498,train
4498,4499,train
4499,4500,train
4500,4501,train
4501,4502,train
4502,4503,train
4503,4504,train
4504,4505,train
4505,4506,train
4506,4507,train
4507,4508,train
4508,4509,train
4509,4510,train
4510,4511,train
4511,4512,train
4512,4513,train
4513,4514,train
4514,4515,train
4515,4516,train
4516,4517,train
4517,4518,train
4518,4519,train
4519,4520,train
4520,4521,train
4521,4522,train
4522,4523,train
4523,4524,train
4524,4525,train
4525,4526,train
4526,4527,train
4527,4528,train
4528,4529,train
4529,4530,train
4530,4531,train
4531,4532,train
4532,4533,train
4533,4534,train
4534,4535,train
4535,4536,train
4536,4537,train
4537,4538,train
4538,4539,train
4539,4540,train
4540,4541,train
4541,4542,train
4542,4543,train
4543,4544,train
4544,4545,train
4545,4546,train
4546,4547,train
4547,4548,train
4548,4549,train
4549,4550,train
4550,4551,train
4551,4552,train
4552,4553,train
4553,4554,train
4554,4555,train
4555,4556,train
4556,4557,train
4557,4558,train
4558,4559,train
4559,4560,train
4560,4561,train
4561,4562,train
4562,4563,train
4563,4564,train
4564,4565,train
4565,4566,train
4566,4567,train
4567,4568,train
4568,4569,train
4569,4570,train
4570,4571,train
4571,4572,train
4572,4573,train
4573,4574,train
4574,4575,train
4575,4576,train
4576,4577,train
4577,4578,train
4578,4579,train
4579,4580,train
4580,4581,train
4581,4582,train
4582,4583,train
4583,4584,train
4584,4585,train
4585,4586,train
4586,4587,train
4587,4588,train
4588,4589,train
4589,4590,train
4590,4591,train
4591,4592,train
4592,4593,train
4593,4594,train
4594,4595,train
4595,4596,train
4596,4597,train
4597,4598,train
4598,4599,train
4599,4600,train
4600,4601,train
4601,4602,train
4602,4603,train
4603,4604,train
4604,4605,train
4605,4606,train
4606,4607,train
4607,4608,train
4608,4609,train
4609,4610,train
4610,4611,train
4611,4612,train
4612,4613,train
4613,4614,train
4614,4615,train
4615,4616,train
4616,4617,train
4617,4618,train
4618,4619,train
4619,4620,train
4620,4621,train
4621,4622,train
4622,4623,train
4623,4624,train
4624,4625,train
4625,4626,train
4626,4627,train
4627,4628,train
4628,4629,train
4629,4630,train
4630,4631,train
4631,4632,train
4632,4633,train
4633,4634,train
4634,4635,train
4635,4636,train
4636,4637,train
4637,4638,train
4638,4639,train
4639,4640,train
4640,4641,train
4641,4642,train
4642,4643,train
4643,4644,train
4644,4645,train
4645,4646,train
4646,4647,train
4647,4648,train
4648,4649,train
4649,4650,train
4650,4651,train
4651,4652,train
4652,4653,train
4653,4654,train
4654,4655,train
4655,4656,train
4656,4657,train
4657,4658,train
4658,4659,train
4659,4660,train
4660,4661,train
4661,4662,train
4662,4663,train
4663,4664,train
4664,4665,train
4665,4666,train
4666,4667,train
4667,4668,train
4668,4669,train
4669,4670,train
4670,4671,train
4671,4672,train
4672,4673,train
4673,4674,train
4674,4675,train
4675,4676,train
4676,4677,train
4677,4678,train
4678,4679,train
4679,4680,train
4680,4681,train
4681,4682,train
4682,4683,train
4683,4684,train
4684,4685,train
4685,4686,train
4686,4687,train
4687,4688,train
4688,4689,train
4689,4690,train
4690,4691,train
4691,4692,train
4692,4693,train
4693,4694,train
4694,4695,train
4695,4696,train
4696,4697,train
4697,4698,train
4698,4699,train
4699,4700,train
4700,4701,train
4701,4702,train
4702,4703,train
4703,4704,train
4704,4705,train
4705,4706,train
4706,4707,train
4707,4708,train
4708,4709,train
4709,4710,train
4710,4711,train
4711,4712,train
4712,4713,train
4713,4714,train
4714,4715,train
4715,4716,train
4716,4717,train
4717,4718,train
4718,4719,train
4719,4720,train
4720,4721,train
4721,4722,train
4722,4723,train
4723,4724,train
4724,4725,train
4725,4726,train
4726,4727,train
4727,4728,train
4728,4729,train
4729,4730,train
4730,4731,train
4731,4732,train
4732,4733,train
4733,4734,train
4734,4735,train
4735,4736,train
4736,4737,train
4737,4738,train
4738,4739,train
4739,4740,train
4740,4741,train
4741,4742,train
4742,4743,train
4743,4744,train
4744,4745,train
4745,4746,train
4746,4747,train
4747,4748,train
4748,4749,train
4749,4750,train
4750,4751,train
4751,4752,train
4752,4753,train
4753,4754,train
4754,4755,train
4755,4756,train
4756,4757,train
4757,4758,train
4758,4759,train
4759,4760,train
4760,4761,train
4761,4762,train
4762,4763,train
4763,4764,train
4764,4765,train
4765,4766,train
4766,4767,train
4767,4768,train
4768,4769,train
4769,4770,train
4770,4771,train
4771,4772,train
4772,4773,train
4773,4774,train
4774,4775,train
4775,4776,train
4776,4777,train
4777,4778,train
4778,4779,train
4779,4780,train
4780,4781,train
4781,4782,train
4782,4783,train
4783,4784,train
4784,4785,train
4785,4786,train
4786,4787,train
4787,4788,train
4788,4789,train
4789,4790,train
4790,4791,train
4791,4792,train
4792,4793,train
4793,4794,train
4794,4795,train
4795,4796,train
4796,4797,train
4797,4798,train
4798,4799,train
4799,4800,train
4800,4801,train
4801,4802,train
4802,4803,train
4803,4804,train
4804,4805,train
4805,4806,train
4806,4807,train
4807,4808,train
4808,4809,train
4809,4810,train
4810,4811,train
4811,4812,train
4812,4813,train
4813,4814,train
4814,4815,train
4815,4816,train
4816,4817,train
4817,4818,train
4818,4819,train
4819,4820,train
4820,4821,train
4821,4822,train
4822,4823,train
4823,4824,train
4824,4825,train
4825,4826,train
4826,4827,train
4827,4828,train
4828,4829,train
4829,4830,train
4830,4831,train
4831,4832,train
4832,4833,train
4833,4834,train
4834,4835,train
4835,4836,train
4836,4837,train
4837,4838,train
4838,4839,train
4839,4840,train
4840,4841,train
4841,4842,train
4842,4843,train
4843,4844,train
4844,4845,train
4845,4846,train
4846,4847,train
4847,4848,train
4848,4849,train
4849,4850,train
4850,4851,train
4851,4852,train
4852,4853,train
4853,4854,train
4854,4855,train
4855,4856,train
4856,4857,train
4857,4858,train
4858,4859,train
4859,4860,train
4860,4861,train
4861,4862,train
4862,4863,train
4863,4864,train
4864,4865,train
4865,4866,train
4866,4867,train
4867,4868,train
4868,4869,train
4869,4870,train
4870,4871,train
4871,4872,train
4872,4873,train
4873,4874,train
4874,4875,train
4875,4876,train
4876,4877,train
4877,4878,train
4878,4879,train
4879,4880,train
4880,4881,train
4881,4882,train
4882,4883,train
4883,4884,train
4884,4885,train
4885,4886,train
4886,4887,train
4887,4888,train
4888,4889,train
4889,4890,train
4890,4891,train
4891,4892,train
4892,4893,train
4893,4894,train
4894,4895,train
4895,4896,train
4896,4897,train
4897,4898,train
4898,4899,train
4899,4900,train
4900,4901,train
4901,4902,train
4902,4903,train
4903,4904,train
4904,4905,train
4905,4906,train
4906,4907,train
4907,4908,train
4908,4909,train
4909,4910,train
4910,4911,train
4911,4912,train
4912,4913,train
4913,4914,train
4914,4915,train
4915,4916,train
4916,4917,train
4917,4918,train
4918,4919,train
4919,4920,train
4920,4921,train
4921,4922,train
4922,4923,train
4923,4924,train
4924,4925,train
4925,4926,train
4926,4927,train
4927,4928,train
4928,4929,train
4929,4930,train
4930,4931,train
4931,4932,train
4932,4933,train
4933,4934,train
4934,4935,train
4935,4936,train
4936,4937,train
4937,4938,train
4938,4939,train
4939,4940,train
4940,4941,train
4941,4942,train
4942,4943,train
4943,4944,train
4944,4945,train
4945,4946,train
4946,4947,train
4947,4948,train
4948,4949,train
4949,4950,train
4950,4951,train
4951,4952,train
4952,4953,train
4953,4954,train
4954,4955,train
4955,4956,train
4956,4957,train
4957,4958,train
4958,4959,train
4959,4960,train
4960,4961,train
4961,4962,train
4962,4963,train
4963,4964,train
4964,4965,train
4965,4966,train
4966,4967,train
4967,4968,train
4968,4969,train
4969,4970,train
4970,4971,train
4971,4972,train
4972,4973,train
4973,4974,train
4974,4975,train
4975,4976,train
4976,4977,train
4977,4978,train
4978,4979,train
4979,4980,train
4980,4981,train
4981,4982,train
4982,4983,train
4983,4984,train
4984,4985,train
4985,4986,train
4986,4987,train
4987,4988,train
4988,4989,train
4989,4990,train
4990,4991,train
4991,4992,train
4992,4993,train
4993,4994,train
4994,4995,train
4995,4996,train
4996,4997,train
4997,4998,train
4998,4999,train
4999,5000,train
5000,5001,train
5001,5002,train
5002,5003,train
5003,5004,train
5004,5005,train
5005,5006,train
5006,5007,train
5007,5008,train
5008,5009,train
5009,5010,train
5010,5011,train
5011,5012,train
5012,5013,train
5013,5014,train
5014,5015,train
5015,5016,train
5016,5017,train
5017,5018,train
5018,5019,train
5019,5020,train
5020,5021,train
5021,5022,train
5022,5023,train
5023,5024,train
5024,5025,train
5025,5026,train
5026,5027,train
5027,5028,train
5028,5029,train
5029,5030,train
5030,5031,train
5031,5032,train
5032,5033,train
5033,5034,train
5034,5035,train
5035,5036,train
5036,5037,train
5037,5038,train
5038,5039,train
5039,5040,train
5040,5041,train
5041,5042,train
5042,5043,train
5043,5044,train
5044,5045,train
5045,5046,train
5046,5047,train
5047,5048,train
5048,5049,train
5049,5050,train
5050,5051,train
5051,5052,train
5052,5053,train
5053,5054,train
5054,5055,train
5055,5056,train
5056,5057,train
5057,5058,train
5058,5059,train
5059,5060,train
5060,5061,train
5061,5062,train
5062,5063,train
5063,5064,train
5064,5065,train
5065,5066,train
5066,5067,train
5067,5068,train
5068,5069,train
5069,5070,train
5070,5071,train
5071,5072,train
5072,5073,train
5073,5074,train
5074,5075,train
5075,5076,train
5076,5077,train
5077,5078,train
5078,5079,train
5079,5080,train
5080,5081,train
5081,5082,train
5082,5083,train
5083,5084,train
5084,5085,train
5085,5086,train
5086,5087,train
5087,5088,train
5088,5089,train
5089,5090,train
5090,5091,train
5091,5092,train
5092,5093,train
5093,5094,train
5094,5095,train
5095,5096,train
5096,5097,train
5097,5098,train
5098,5099,train
5099,5100,train
5100,5101,train
5101,5102,train
5102,5103,train
5103,5104,train
5104,5105,train
5105,5106,train
5106,5107,train
5107,5108,train
5108,5109,train
5109,5110,train
5110,5111,train
5111,5112,train
5112,5113,train
5113,5114,train
5114,5115,train
5115,5116,train
5116,5117,train
5117,5118,train
5118,5119,train
5119,5120,train
5120,5121,train
5121,5122,train
5122,5123,train
5123,5124,train
5124,5125,train
5125,5126,train
5126,5127,train
5127,5128,train
5128,5129,train
5129,5130,train
5130,5131,train
5131,5132,train
5132,5133,train
5133,5134,train
5134,5135,train
5135,5136,train
5136,5137,train
5137,5138,train
5138,5139,train
5139,5140,train
5140,5141,train
5141,5142,train
5142,5143,train
5143,5144,train
5144,5145,train
5145,5146,train
5146,5147,train
5147,5148,train
5148,5149,train
5149,5150,train
5150,5151,train
5151,5152,train
5152,5153,train
5153,5154,train
5154,5155,train
5155,5156,train
5156,5157,train
5157,5158,train
5158,5159,train
5159,5160,train
5160,5161,train
5161,5162,train
5162,5163,train
5163,5164,train
5164,5165,train
5165,5166,train
5166,5167,train
5167,5168,train
5168,5169,train
5169,5170,train
5170,5171,train
5171,5172,train
5172,5173,train
5173,5174,train
5174,5175,train
5175,5176,train
5176,5177,train
5177,5178,train
5178,5179,train
5179,5180,train
5180,5181,train
5181,5182,train
5182,5183,train
5183,5184,train
5184,5185,train
5185,5186,train
5186,5187,train
5187,5188,train
5188,5189,train
5189,5190,train
5190,5191,train
5191,5192,train
5192,5193,train
5193,5194,train
5194,5195,train
5195,5196,train
5196,5197,train
5197,5198,train
5198,5199,train
5199,5200,train
5200,5201,train
5201,5202,train
5202,5203,train
5203,5204,train
5204,5205,train
5205,5206,train
5206,5207,train
5207,5208,train
5208,5209,train
5209,5210,train
5210,5211,train
5211,5212,train
5212,5213,train
5213,5214,train
5214,5215,train
5215,5216,train
5216,5217,train
5217,5218,train
5218,5219,train
5219,5220,train
5220,5221,train
5221,5222,train
5222,5223,train
5223,5224,train
5224,5225,train
5225,5226,train
5226,5227,train
5227,5228,train
5228,5229,train
5229,5230,train
5230,5231,train
5231,5232,train
5232,5233,train
5233,5234,train
5234,5235,train
5235,5236,train
5236,5237,train
5237,5238,train
5238,5239,train
5239,5240,train
5240,5241,train
5241,5242,train
5242,5243,train
5243,5244,train
5244,5245,train
5245,5246,train
5246,5247,train
5247,5248,train
5248,5249,train
5249,5250,train
5250,5251,train
5251,5252,train
5252,5253,train
5253,5254,train
5254,5255,train
5255,5256,train
5256,5257,train
5257,5258,train
5258,5259,train
5259,5260,train
5260,5261,train
5261,5262,train
5262,5263,train
5263,5264,train
5264,5265,train
5265,5266,train
5266,5267,train
5267,5268,train
5268,5269,train
5269,5270,train
5270,5271,train
5271,5272,train
5272,5273,train
5273,5274,train
5274,5275,train
5275,5276,train
5276,5277,train
5277,5278,train
5278,5279,train
5279,5280,train
5280,5281,train
5281,5282,train
5282,5283,train
5283,5284,train
5284,5285,train
5285,5286,train
5286,5287,train
5287,5288,train
5288,5289,train
5289,5290,train
5290,5291,train
5291,5292,train
5292,5293,train
5293,5294,train
5294,5295,train
5295,5296,train
5296,5297,train
5297,5298,train
5298,5299,train
5299,5300,train
5300,5301,train
5301,5302,train
5302,5303,train
5303,5304,train
5304,5305,train
5305,5306,train
5306,5307,train
5307,5308,train
5308,5309,train
5309,5310,train
5310,5311,train
5311,5312,train
5312,5313,train
5313,5314,train
5314,5315,train
5315,5316,train
5316,5317,train
5317,5318,train
5318,5319,train
5319,5320,train
5320,5321,train
5321,5322,train
5322,5323,train
5323,5324,train
5324,5325,train
5325,5326,train
5326,5327,train
5327,5328,train
5328,5329,train
5329,5330,train
5330,5331,train
5331,5332,train
5332,5333,train
5333,5334,train
5334,5335,train
5335,5336,train
5336,5337,train
5337,5338,train
5338,5339,train
5339,5340,train
5340,5341,train
5341,5342,train
5342,5343,train
5343,5344,train
5344,5345,train
5345,5346,train
5346,5347,train
5347,5348,train
5348,5349,train
5349,5350,train
5350,5351,train
5351,5352,train
5352,5353,train
5353,5354,train
5354,5355,train
5355,5356,train
5356,5357,train
5357,5358,train
5358,5359,train
5359,5360,train
5360,5361,train
5361,5362,train
5362,5363,train
5363,5364,train
5364,5365,train
5365,5366,train
5366,5367,train
5367,5368,train
5368,5369,train
5369,5370,train
5370,5371,train
5371,5372,train
5372,5373,train
5373,5374,train
5374,5375,train
5375,5376,train
5376,5377,train
5377,5378,train
5378,5379,train
5379,5380,train
5380,5381,train
5381,5382,train
5382,5383,train
5383,5384,train
5384,5385,train
5385,5386,train
5386,5387,train
5387,5388,train
5388,5389,train
5389,5390,train
5390,5391,train
5391,5392,train
5392,5393,train
5393,5394,train
5394,5395,train
5395,5396,train
5396,5397,train
5397,5398,train
5398,5399,train
5399,5400,train
5400,5401,train
5401,5402,train
5402,5403,train
5403,5404,train
5404,5405,train
5405,5406,train
5406,5407,train
5407,5408,train
5408,5409,train
5409,5410,train
5410,5411,train
5411,5412,train
5412,5413,train
5413,5414,train
5414,5415,train
5415,5416,train
5416,5417,train
5417,5418,train
5418,5419,train
5419,5420,train
5420,5421,train
5421,5422,train
5422,5423,train
5423,5424,train
5424,5425,train
5425,5426,train
5426,5427,train
5427,5428,train
5428,5429,train
5429,5430,train
5430,5431,train
5431,5432,train
5432,5433,train
5433,5434,train
5434,5435,train
5435,5436,train
5436,5437,train
5437,5438,train
5438,5439,train
5439,5440,train
5440,5441,train
5441,5442,train
5442,5443,train
5443,5444,train
5444,5445,train
5445,5446,train
5446,5447,train
5447,5448,train
5448,5449,train
5449,5450,train
5450,5451,train
5451,5452,train
5452,5453,train
5453,5454,train
5454,5455,train
5455,5456,train
5456,5457,train
5457,5458,train
5458,5459,train
5459,5460,train
5460,5461,train
5461,5462,train
5462,5463,train
5463,5464,train
5464,5465,train
5465,5466,train
5466,5467,train
5467,5468,train
5468,5469,train
5469,5470,train
5470,5471,train
5471,5472,train
5472,5473,train
5473,5474,train
5474,5475,train
5475,5476,train
5476,5477,train
5477,5478,train
5478,5479,train
5479,5480,train
5480,5481,train
5481,5482,train
5482,5483,train
5483,5484,train
5484,5485,train
5485,5486,train
5486,5487,train
5487,5488,train
5488,5489,train
5489,5490,train
5490,5491,train
5491,5492,train
5492,5493,train
5493,5494,train
5494,5495,train
5495,5496,train
5496,5497,train
5497,5498,train
5498,5499,train
5499,5500,train
5500,5501,train
5501,5502,train
5502,5503,train
5503,5504,train
5504,5505,train
5505,5506,train
5506,5507,train
5507,5508,train
5508,5509,train
5509,5510,train
5510,5511,train
5511,5512,train
5512,5513,train
5513,5514,train
5514,5515,train
5515,5516,train
5516,5517,train
5517,5518,train
5518,5519,train
5519,5520,train
5520,5521,train
5521,5522,train
5522,5523,train
5523,5524,train
5524,5525,train
5525,5526,train
5526,5527,train
5527,5528,train
5528,5529,train
5529,5530,train
5530,5531,train
5531,5532,train
5532,5533,train
5533,5534,train
5534,5535,train
5535,5536,train
5536,5537,train
5537,5538,train
5538,5539,train
5539,5540,train
5540,5541,train
5541,5542,train
5542,5543,train
5543,5544,train
5544,5545,train
5545,5546,train
5546,5547,train
5547,5548,train
5548,5549,train
5549,5550,train
5550,5551,train
5551,5552,train
5552,5553,train
5553,5554,train
5554,5555,train
5555,5556,train
5556,5557,train
5557,5558,train
5558,5559,train
5559,5560,train
5560,5561,train
5561,5562,train
5562,5563,train
5563,5564,train
5564,5565,train
5565,5566,train
5566,5567,train
5567,5568,train
5568,5569,train
5569,5570,train
5570,5571,train
5571,5572,train
5572,5573,train
5573,5574,train
5574,5575,train
5575,5576,train
5576,5577,train
5577,5578,train
5578,5579,train
5579,5580,train
5580,5581,train
5581,5582,train
5582,5583,train
5583,5584,train
5584,5585,train
5585,5586,train
5586,5587,train
5587,5588,train
5588,5589,train
5589,5590,train
5590,5591,train
5591,5592,train
5592,5593,train
5593,5594,train
5594,5595,train
5595,5596,train
5596,5597,train
5597,5598,train
5598,5599,train
5599,5600,train
5600,5601,train
5601,5602,train
5602,5603,train
5603,5604,train
5604,5605,train
5605,5606,train
5606,5607,train
5607,5608,train
5608,5609,train
5609,5610,train
5610,5611,train
5611,5612,train
5612,5613,train
5613,5614,train
5614,5615,train
5615,5616,train
5616,5617,train
5617,5618,train
5618,5619,train
5619,5620,train
5620,5621,train
5621,5622,train
5622,5623,train
5623,5624,train
5624,5625,train
5625,5626,train
5626,5627,train
5627,5628,train
5628,5629,train
5629,5630,train
5630,5631,train
5631,5632,train
5632,5633,train
5633,5634,train
5634,5635,train
5635,5636,train
5636,5637,train
5637,5638,train
5638,5639,train
5639,5640,train
5640,5641,train
5641,5642,train
5642,5643,train
5643,5644,train
5644,5645,train
5645,5646,train
5646,5647,train
5647,5648,train
5648,5649,train
5649,5650,train
5650,5651,train
5651,5652,train
5652,5653,train
5653,5654,train
5654,5655,train
5655,5656,train
5656,5657,train
5657,5658,train
5658,5659,train
5659,5660,train
5660,5661,train
5661,5662,train
5662,5663,train
5663,5664,train
5664,5665,train
5665,5666,train
5666,5667,train
5667,5668,train
5668,5669,train
5669,5670,train
5670,5671,train
5671,5672,train
5672,5673,train
5673,5674,train
5674,5675,train
5675,5676,train
5676,5677,train
5677,5678,train
5678,5679,train
5679,5680,train
5680,5681,train
5681,5682,train
5682,5683,train
5683,5684,train
5684,5685,train
5685,5686,train
5686,5687,train
5687,5688,train
5688,5689,train
5689,5690,train
5690,5691,train
5691,5692,train
5692,5693,train
5693,5694,train
5694,5695,train
5695,5696,train
5696,5697,train
5697,5698,train
5698,5699,train
5699,5700,train
5700,5701,train
5701,5702,train
5702,5703,train
5703,5704,train
5704,5705,train
5705,5706,train
5706,5707,train
5707,5708,train
5708,5709,train
5709,5710,train
5710,5711,train
5711,5712,train
5712,5713,train
5713,5714,train
5714,5715,train
5715,5716,train
5716,5717,train
5717,5718,train
5718,5719,train
5719,5720,train
5720,5721,train
5721,5722,train
5722,5723,train
5723,5724,train
5724,5725,train
5725,5726,train
5726,5727,train
5727,5728,train
5728,5729,train
5729,5730,train
5730,5731,train
5731,5732,train
5732,5733,train
5733,5734,train
5734,5735,train
5735,5736,train
5736,5737,train
5737,5738,train
5738,5739,train
5739,5740,train
5740,5741,train
5741,5742,train
5742,5743,train
5743,5744,train
5744,5745,train
5745,5746,train
5746,5747,train
5747,5748,train
5748,5749,train
5749,5750,train
5750,5751,train
5751,5752,train
5752,5753,train
5753,5754,train
5754,5755,train
5755,5756,train
5756,5757,train
5757,5758,train
5758,5759,train
5759,5760,train
5760,5761,train
5761,5762,train
5762,5763,train
5763,5764,train
5764,5765,train
5765,5766,train
5766,5767,train
5767,5768,train
5768,5769,train
5769,5770,train
5770,5771,train
5771,5772,train
5772,5773,train
5773,5774,train
5774,5775,train
5775,5776,train
5776,5777,train
5777,5778,train
5778,5779,train
5779,5780,train
5780,5781,train
5781,5782,train
5782,5783,train
5783,5784,train
5784,5785,train
5785,5786,train
5786,5787,train
5787,5788,train
5788,5789,train
5789,5790,train
5790,5791,train
5791,5792,train
5792,5793,train
5793,5794,train
5794,5795,train
5795,5796,train
5796,5797,train
5797,5798,train
5798,5799,train
5799,5800,train
5800,5801,train
5801,5802,train
5802,5803,train
5803,5804,train
5804,5805,train
5805,5806,train
5806,5807,train
5807,5808,train
5808,5809,train
5809,5810,train
5810,5811,train
5811,5812,train
5812,5813,train
5813,5814,train
5814,5815,train
5815,5816,train
5816,5817,train
5817,5818,train
5818,5819,train
5819,5820,train
5820,5821,train
5821,5822,train
5822,5823,train
5823,5824,train
5824,5825,train
5825,5826,train
5826,5827,train
5827,5828,train
5828,5829,train
5829,5830,train
5830,5831,train
5831,5832,train
5832,5833,train
5833,5834,train
5834,5835,train
5835,5836,train
5836,5837,train
5837,5838,train
5838,5839,train
5839,5840,train
5840,5841,train
5841,5842,train
5842,5843,train
5843,5844,train
5844,5845,train
5845,5846,train
5846,5847,train
5847,5848,train
5848,5849,train
5849,5850,train
5850,5851,train
5851,5852,train
5852,5853,train
5853,5854,train
5854,5855,train
5855,5856,train
5856,5857,train
5857,5858,train
5858,5859,train
5859,5860,train
5860,5861,train
5861,5862,train
5862,5863,train
5863,5864,train
5864,5865,train
5865,5866,train
5866,5867,train
5867,5868,train
5868,5869,train
5869,5870,train
5870,5871,train
5871,5872,train
5872,5873,train
5873,5874,train
5874,5875,train
5875,5876,train
5876,5877,train
5877,5878,train
5878,5879,train
5879,5880,train
5880,5881,train
5881,5882,train
5882,5883,train
5883,5884,train
5884,5885,train
5885,5886,train
5886,5887,train
5887,5888,train
5888,5889,train
5889,5890,train
5890,5891,train
5891,5892,train
5892,5893,train
5893,5894,train
5894,5895,train
5895,5896,train
5896,5897,train
5897,5898,train
5898,5899,train
5899,5900,train
5900,5901,train
5901,5902,train
5902,5903,train
5903,5904,train
5904,5905,train
5905,5906,train
5906,5907,train
5907,5908,train
5908,5909,train
5909,5910,train
5910,5911,train
5911,5912,train
5912,5913,train
5913,5914,train
5914,5915,train
5915,5916,train
5916,5917,train
5917,5918,train
5918,5919,train
5919,5920,train
5920,5921,train
5921,5922,train
5922,5923,train
5923,5924,train
5924,5925,train
5925,5926,train
5926,5927,train
5927,5928,train
5928,5929,train
5929,5930,train
5930,5931,train
5931,5932,train
5932,5933,train
5933,5934,train
5934,5935,train
5935,5936,train
5936,5937,train
5937,5938,train
5938,5939,train
5939,5940,train
5940,5941,train
5941,5942,train
5942,5943,train
5943,5944,train
5944,5945,train
5945,5946,train
5946,5947,train
5947,5948,train
5948,5949,train
5949,5950,train
5950,5951,train
5951,5952,train
5952,5953,train
5953,5954,train
5954,5955,train
5955,5956,train
5956,5957,train
5957,5958,train
5958,5959,train
5959,5960,train
5960,5961,train
5961,5962,train
5962,5963,train
5963,5964,train
5964,5965,train
5965,5966,train
5966,5967,train
5967,5968,train
5968,5969,train
5969,5970,train
5970,5971,train
5971,5972,train
5972,5973,train
5973,5974,train
5974,5975,train
5975,5976,train
5976,5977,train
5977,5978,train
5978,5979,train
5979,5980,train
5980,5981,train
5981,5982,train
5982,5983,train
5983,5984,train
5984,5985,train
5985,5986,train
5986,5987,train
5987,5988,train
5988,5989,train
5989,5990,train
5990,5991,train
5991,5992,train
5992,5993,train
5993,5994,train
5994,5995,train
5995,5996,train
5996,5997,train
5997,5998,train
5998,5999,train
5999,6000,train
6000,6001,validation
6001,6002,validation
6002,6003,validation
6003,6004,validation
6004,6005,validation
6005,6006,validation
6006,6007,validation
6007,6008,validation
6008,6009,validation
6009,6010,validation
6010,6011,validation
6011,6012,validation
6012,6013,validation
6013,6014,validation
6014,6015,validation
6015,6016,validation
6016,6017,validation
6017,6018,validation
6018,6019,validation
6019,6020,validation
6020,6021,validation
6021,6022,validation
6022,6023,validation
6023,6024,validation
6024,6025,validation
6025,6026,validation
6026,6027,validation
6027,6028,validation
6028,6029,validation
6029,6030,validation
6030,6031,validation
6031,6032,validation
6032,6033,validation
6033,6034,validation
6034,6035,validation
6035,6036,validation
6036,6037,validation
6037,6038,validation
6038,6039,validation
6039,6040,validation
6040,6041,validation
6041,6042,validation
6042,6043,validation
6043,6044,validation
6044,6045,validation
6045,6046,validation
6046,6047,validation
6047,6048,validation
6048,6049,validation
6049,6050,validation
6050,6051,validation
6051,6052,validation
6052,6053,validation
6053,6054,validation
6054,6055,validation
6055,6056,validation
6056,6057,validation
6057,6058,validation
6058,6059,validation
6059,6060,validation
6060,6061,validation
6061,6062,validation
6062,6063,validation
6063,6064,validation
6064,6065,validation
6065,6066,validation
6066,6067,validation
6067,6068,validation
6068,6069,validation
6069,6070,validation
6070,6071,validation
6071,6072,validation
6072,6073,validation
6073,6074,validation
6074,6075,validation
6075,6076,validation
6076,6077,validation
6077,6078,validation
6078,6079,validation
6079,6080,validation
6080,6081,validation
6081,6082,validation
6082,6083,validation
6083,6084,validation
6084,6085,validation
6085,6086,validation
6086,6087,validation
6087,6088,validation
6088,6089,validation
6089,6090,validation
6090,6091,validation
6091,6092,validation
6092,6093,validation
6093,6094,validation
6094,6095,validation
6095,6096,validation
6096,6097,validation
6097,6098,validation
6098,6099,validation
6099,6100,validation
6100,6101,validation
6101,6102,validation
6102,6103,validation
6103,6104,validation
6104,6105,validation
6105,6106,validation
6106,6107,validation
6107,6108,validation
6108,6109,validation
6109,6110,validation
6110,6111,validation
6111,6112,validation
6112,6113,validation
6113,6114,validation
6114,6115,validation
6115,6116,validation
6116,6117,validation
6117,6118,validation
6118,6119,validation
6119,6120,validation
6120,6121,validation
6121,6122,validation
6122,6123,validation
6123,6124,validation
6124,6125,validation
6125,6126,validation
6126,6127,validation
6127,6128,validation
6128,6129,validation
6129,6130,validation
6130,6131,validation
6131,6132,validation
6132,6133,validation
6133,6134,validation
6134,6135,validation
6135,6136,validation
6136,6137,validation
6137,6138,validation
6138,6139,validation
6139,6140,validation
6140,6141,validation
6141,6142,validation
6142,6143,validation
6143,6144,validation
6144,6145,validation
6145,6146,validation
6146,6147,validation
6147,6148,validation
6148,6149,validation
6149,6150,validation
6150,6151,validation
6151,6152,validation
6152,6153,validation
6153,6154,validation
6154,6155,validation
6155,6156,validation
6156,6157,validation
6157,6158,validation
6158,6159,validation
6159,6160,validation
6160,6161,validation
6161,6162,validation
6162,6163,validation
6163,6164,validation
6164,6165,validation
6165,6166,validation
6166,6167,validation
6167,6168,validation
6168,6169,validation
6169,6170,validation
6170,6171,validation
6171,6172,validation
6172,6173,validation
6173,6174,validation
6174,6175,validation
6175,6176,validation
6176,6177,validation
6177,6178,validation
6178,6179,validation
6179,6180,validation
6180,6181,validation
6181,6182,validation
6182,6183,validation
6183,6184,validation
6184,6185,validation
6185,6186,validation
6186,6187,validation
6187,6188,validation
6188,6189,validation
6189,6190,validation
6190,6191,validation
6191,6192,validation
6192,6193,validation
6193,6194,validation
6194,6195,validation
6195,6196,validation
6196,6197,validation
6197,6198,validation
6198,6199,validation
6199,6200,validation
6200,6201,validation
6201,6202,validation
6202,6203,validation
6203,6204,validation
6204,6205,validation
6205,6206,validation
6206,6207,validation
6207,6208,validation
6208,6209,validation
6209,6210,validation
6210,6211,validation
6211,6212,validation
6212,6213,validation
6213,6214,validation
6214,6215,validation
6215,6216,validation
6216,6217,validation
6217,6218,validation
6218,6219,validation
6219,6220,validation
6220,6221,validation
6221,6222,validation
6222,6223,validation
6223,6224,validation
6224,6225,validation
6225,6226,validation
6226,6227,validation
6227,6228,validation
6228,6229,validation
6229,6230,validation
6230,6231,validation
6231,6232,validation
6232,6233,validation
6233,6234,validation
6234,6235,validation
6235,6236,validation
6236,6237,validation
6237,6238,validation
6238,6239,validation
6239,6240,validation
6240,6241,validation
6241,6242,validation
6242,6243,validation
6243,6244,validation
6244,6245,validation
6245,6246,validation
6246,6247,validation
6247,6248,validation
6248,6249,validation
6249,6250,validation
6250,6251,validation
6251,6252,validation
6252,6253,validation
6253,6254,validation
6254,6255,validation
6255,6256,validation
6256,6257,validation
6257,6258,validation
6258,6259,validation
6259,6260,validation
6260,6261,validation
6261,6262,validation
6262,6263,validation
6263,6264,validation
6264,6265,validation
6265,6266,validation
6266,6267,validation
6267,6268,validation
6268,6269,validation
6269,6270,validation
6270,6271,validation
6271,6272,validation
6272,6273,validation
6273,6274,validation
6274,6275,validation
6275,6276,validation
6276,6277,validation
6277,6278,validation
6278,6279,validation
6279,6280,validation
6280,6281,validation
6281,6282,validation
6282,6283,validation
6283,6284,validation
6284,6285,validation
6285,6286,validation
6286,6287,validation
6287,6288,validation
6288,6289,validation
6289,6290,validation
6290,6291,validation
6291,6292,validation
6292,6293,validation
6293,6294,validation
6294,6295,validation
6295,6296,validation
6296,6297,validation
6297,6298,validation
6298,6299,validation
6299,6300,validation
6300,6301,validation
6301,6302,validation
6302,6303,validation
6303,6304,validation
6304,6305,validation
6305,6306,validation
6306,6307,validation
6307,6308,validation
6308,6309,validation
6309,6310,validation
6310,6311,validation
6311,6312,validation
6312,6313,validation
6313,6314,validation
6314,6315,validation
6315,6316,validation
6316,6317,validation
6317,6318,validation
6318,6319,validation
6319,6320,validation
6320,6321,validation
6321,6322,validation
6322,6323,validation
6323,6324,validation
6324,6325,validation
6325,6326,validation
6326,6327,validation
6327,6328,validation
6328,6329,validation
6329,6330,validation
6330,6331,validation
6331,6332,validation
6332,6333,validation
6333,6334,validation
6334,6335,validation
6335,6336,validation
6336,6337,validation
6337,6338,validation
6338,6339,validation
6339,6340,validation
6340,6341,validation
6341,6342,validation
6342,6343,validation
6343,6344,validation
6344,6345,validation
6345,6346,validation
6346,6347,validation
6347,6348,validation
6348,6349,validation
6349,6350,validation
6350,6351,validation
6351,6352,validation
6352,6353,validation
6353,6354,validation
6354,6355,validation
6355,6356,validation
6356,6357,validation
6357,6358,validation
6358,6359,validation
6359,6360,validation
6360,6361,validation
6361,6362,validation
6362,6363,validation
6363,6364,validation
6364,6365,validation
6365,6366,validation
6366,6367,validation
6367,6368,validation
6368,6369,validation
6369,6370,validation
6370,6371,validation
6371,6372,validation
6372,6373,validation
6373,6374,validation
6374,6375,validation
6375,6376,validation
6376,6377,validation
6377,6378,validation
6378,6379,validation
6379,6380,validation
6380,6381,validation
6381,6382,validation
6382,6383,validation
6383,6384,validation
6384,6385,validation
6385,6386,validation
6386,6387,validation
6387,6388,validation
6388,6389,validation
6389,6390,validation
6390,6391,validation
6391,6392,validation
6392,6393,validation
6393,6394,validation
6394,6395,validation
6395,6396,validation
6396,6397,validation
6397,6398,validation
6398,6399,validation
6399,6400,validation
6400,6401,validation
6401,6402,validation
6402,6403,validation
6403,6404,validation
6404,6405,validation
6405,6406,validation
6406,6407,validation
6407,6408,validation
6408,6409,validation
6409,6410,validation
6410,6411,validation
6411,6412,validation
6412,6413,validation
6413,6414,validation
6414,6415,validation
6415,6416,validation
6416,6417,validation
6417,6418,validation
6418,6419,validation
6419,6420,validation
6420,6421,validation
6421,6422,validation
6422,6423,validation
6423,6424,validation
6424,6425,validation
6425,6426,validation
6426,6427,validation
6427,6428,validation
6428,6429,validation
6429,6430,validation
6430,6431,validation
6431,6432,validation
6432,6433,validation
6433,6434,validation
6434,6435,validation
6435,6436,validation
6436,6437,validation
6437,6438,validation
6438,6439,validation
6439,6440,validation
6440,6441,validation
6441,6442,validation
6442,6443,validation
6443,6444,validation
6444,6445,validation
6445,6446,validation
6446,6447,validation
6447,6448,validation
6448,6449,validation
6449,6450,validation
6450,6451,validation
6451,6452,validation
6452,6453,validation
6453,6454,validation
6454,6455,validation
6455,6456,validation
6456,6457,validation
6457,6458,validation
6458,6459,validation
6459,6460,validation
6460,6461,validation
6461,6462,validation
6462,6463,validation
6463,6464,validation
6464,6465,validation
6465,6466,validation
6466,6467,validation
6467,6468,validation
6468,6469,validation
6469,6470,validation
6470,6471,validation
6471,6472,validation
6472,6473,validation
6473,6474,validation
6474,6475,validation
6475,6476,validation
6476,6477,validation
6477,6478,validation
6478,6479,validation
6479,6480,validation
6480,6481,validation
6481,6482,validation
6482,6483,validation
6483,6484,validation
6484,6485,validation
6485,6486,validation
6486,6487,validation
6487,6488,validation
6488,6489,validation
6489,6490,validation
6490,6491,validation
6491,6492,validation
6492,6493,validation
6493,6494,validation
6494,6495,validation
6495,6496,validation
6496,6497,validation
6497,6498,validation
6498,6499,validation
6499,6500,validation
6500,6501,validation
6501,6502,validation
6502,6503,validation
6503,6504,validation
6504,6505,validation
6505,6506,validation
6506,6507,validation
6507,6508,validation
6508,6509,validation
6509,6510,validation
6510,6511,validation
6511,6512,validation
6512,6513,validation
6513,6514,validation
6514,6515,validation
6515,6516,validation
6516,6517,validation
6517,6518,validation
6518,6519,validation
6519,6520,validation
6520,6521,validation
6521,6522,validation
6522,6523,validation
6523,6524,validation
6524,6525,validation
6525,6526,validation
6526,6527,validation
6527,6528,validation
6528,6529,validation
6529,6530,validation
6530,6531,validation
6531,6532,validation
6532,6533,validation
6533,6534,validation
6534,6535,validation
6535,6536,validation
6536,6537,validation
6537,6538,validation
6538,6539,validation
6539,6540,validation
6540,6541,validation
6541,6542,validation
6542,6543,validation
6543,6544,validation
6544,6545,validation
6545,6546,validation
6546,6547,validation
6547,6548,validation
6548,6549,validation
6549,6550,validation
6550,6551,validation
6551,6552,validation
6552,6553,validation
6553,6554,validation
6554,6555,validation
6555,6556,validation
6556,6557,validation
6557,6558,validation
6558,6559,validation
6559,6560,validation
6560,6561,validation
6561,6562,validation
6562,6563,validation
6563,6564,validation
6564,6565,validation
6565,6566,validation
6566,6567,validation
6567,6568,validation
6568,6569,validation
6569,6570,validation
6570,6571,validation
6571,6572,validation
6572,6573,validation
6573,6574,validation
6574,6575,validation
6575,6576,validation
6576,6577,validation
6577,6578,validation
6578,6579,validation
6579,6580,validation
6580,6581,validation
6581,6582,validation
6582,6583,validation
6583,6584,validation
6584,6585,validation
6585,6586,validation
6586,6587,validation
6587,6588,validation
6588,6589,validation
6589,6590,validation
6590,6591,validation
6591,6592,validation
6592,6593,validation
6593,6594,validation
6594,6595,validation
6595,6596,validation
6596,6597,validation
6597,6598,validation
6598,6599,validation
6599,6600,validation
6600,6601,validation
6601,6602,validation
6602,6603,validation
6603,6604,validation
6604,6605,validation
6605,6606,validation
6606,6607,validation
6607,6608,validation
6608,6609,validation
6609,6610,validation
6610,6611,validation
6611,6612,validation
6612,6613,validation
6613,6614,validation
6614,6615,validation
6615,6616,validation
6616,6617,validation
6617,6618,validation
6618,6619,validation
6619,6620,validation
6620,6621,validation
6621,6622,validation
6622,6623,validation
6623,6624,validation
6624,6625,validation
6625,6626,validation
6626,6627,validation
6627,6628,validation
6628,6629,validation
6629,6630,validation
6630,6631,validation
6631,6632,validation
6632,6633,validation
6633,6634,validation
6634,6635,validation
6635,6636,validation
6636,6637,validation
6637,6638,validation
6638,6639,validation
6639,6640,validation
6640,6641,validation
6641,6642,validation
6642,6643,validation
6643,6644,validation
6644,6645,validation
6645,6646,validation
6646,6647,validation
6647,6648,validation
6648,6649,validation
6649,6650,validation
6650,6651,validation
6651,6652,validation
6652,6653,validation
6653,6654,validation
6654,6655,validation
6655,6656,validation
6656,6657,validation
6657,6658,validation
6658,6659,validation
6659,6660,validation
6660,6661,validation
6661,6662,validation
6662,6663,validation
6663,6664,validation
6664,6665,validation
6665,6666,validation
6666,6667,validation
6667,6668,validation
6668,6669,validation
6669,6670,validation
6670,6671,validation
6671,6672,validation
6672,6673,validation
6673,6674,validation
6674,6675,validation
6675,6676,validation
6676,6677,validation
6677,6678,validation
6678,6679,validation
6679,6680,validation
6680,6681,validation
6681,6682,validation
6682,6683,validation
6683,6684,validation
6684,6685,validation
6685,6686,validation
6686,6687,validation
6687,6688,validation
6688,6689,validation
6689,6690,validation
6690,6691,validation
6691,6692,validation
6692,6693,validation
6693,6694,validation
6694,6695,validation
6695,6696,validation
6696,6697,validation
6697,6698,validation
6698,6699,validation
6699,6700,validation
6700,6701,validation
6701,6702,validation
6702,6703,validation
6703,6704,validation
6704,6705,validation
6705,6706,validation
6706,6707,validation
6707,6708,validation
6708,6709,validation
6709,6710,validation
6710,6711,validation
6711,6712,validation
6712,6713,validation
6713,6714,validation
6714,6715,validation
6715,6716,validation
6716,6717,validation
6717,6718,validation
6718,6719,validation
6719,6720,validation
6720,6721,validation
6721,6722,validation
6722,6723,validation
6723,6724,validation
6724,6725,validation
6725,6726,validation
6726,6727,validation
6727,6728,validation
6728,6729,validation
6729,6730,validation
6730,6731,validation
6731,6732,validation
6732,6733,validation
6733,6734,validation
6734,6735,validation
6735,6736,validation
6736,6737,validation
6737,6738,validation
6738,6739,validation
6739,6740,validation
6740,6741,validation
6741,6742,validation
6742,6743,validation
6743,6744,validation
6744,6745,validation
6745,6746,validation
6746,6747,validation
6747,6748,validation
6748,6749,validation
6749,6750,validation
6750,6751,validation
6751,6752,validation
6752,6753,validation
6753,6754,validation
6754,6755,validation
6755,6756,validation
6756,6757,validation
6757,6758,validation
6758,6759,validation
6759,6760,validation
6760,6761,validation
6761,6762,validation
6762,6763,validation
6763,6764,validation
6764,6765,validation
6765,6766,validation
6766,6767,validation
6767,6768,validation
6768,6769,validation
6769,6770,validation
6770,6771,validation
6771,6772,validation
6772,6773,validation
6773,6774,validation
6774,6775,validation
6775,6776,validation
6776,6777,validation
6777,6778,validation
6778,6779,validation
6779,6780,validation
6780,6781,validation
6781,6782,validation
6782,6783,validation
6783,6784,validation
6784,6785,validation
6785,6786,validation
6786,6787,validation
6787,6788,validation
6788,6789,validation
6789,6790,validation
6790,6791,validation
6791,6792,validation
6792,6793,validation
6793,6794,validation
6794,6795,validation
6795,6796,validation
6796,6797,validation
6797,6798,validation
6798,6799,validation
6799,6800,validation
6800,6801,validation
6801,6802,validation
6802,6803,validation
6803,6804,validation
6804,6805,validation
6805,6806,validation
6806,6807,validation
6807,6808,validation
6808,6809,validation
6809,6810,validation
6810,6811,validation
6811,6812,validation
6812,6813,validation
6813,6814,validation
6814,6815,validation
6815,6816,validation
6816,6817,validation
6817,6818,validation
6818,6819,validation
6819,6820,validation
6820,6821,validation
6821,6822,validation
6822,6823,validation
6823,6824,validation
6824,6825,validation
6825,6826,validation
6826,6827,validation
6827,6828,validation
6828,6829,validation
6829,6830,validation
6830,6831,validation
6831,6832,validation
6832,6833,validation
6833,6834,validation
6834,6835,validation
6835,6836,validation
6836,6837,validation
6837,6838,validation
6838,6839,validation
6839,6840,validation
6840,6841,validation
6841,6842,validation
6842,6843,validation
6843,6844,validation
6844,6845,validation
6845,6846,validation
6846,6847,validation
6847,6848,validation
6848,6849,validation
6849,6850,validation
6850,6851,validation
6851,6852,validation
6852,6853,validation
6853,6854,validation
6854,6855,validation
6855,6856,validation
6856,6857,validation
6857,6858,validation
6858,6859,validation
6859,6860,validation
6860,6861,validation
6861,6862,validation
6862,6863,validation
6863,6864,validation
6864,6865,validation
6865,6866,validation
6866,6867,validation
6867,6868,validation
6868,6869,validation
6869,6870,validation
6870,6871,validation
6871,6872,validation
6872,6873,validation
6873,6874,validation
6874,6875,validation
6875,6876,validation
6876,6877,validation
6877,6878,validation
6878,6879,validation
6879,6880,validation
6880,6881,validation
6881,6882,validation
6882,6883,validation
6883,6884,validation
6884,6885,validation
6885,6886,validation
6886,6887,validation
6887,6888,validation
6888,6889,validation
6889,6890,validation
6890,6891,validation
6891,6892,validation
6892,6893,validation
6893,6894,validation
6894,6895,validation
6895,6896,validation
6896,6897,validation
6897,6898,validation
6898,6899,validation
6899,6900,validation
6900,6901,validation
6901,6902,validation
6902,6903,validation
6903,6904,validation
6904,6905,validation
6905,6906,validation
6906,6907,validation
6907,6908,validation
6908,6909,validation
6909,6910,validation
6910,6911,validation
6911,6912,validation
6912,6913,validation
6913,6914,validation
6914,6915,validation
6915,6916,validation
6916,6917,validation
6917,6918,validation
6918,6919,validation
6919,6920,validation
6920,6921,validation
6921,6922,validation
6922,6923,validation
6923,6924,validation
6924,6925,validation
6925,6926,validation
6926,6927,validation
6927,6928,validation
6928,6929,validation
6929,6930,validation
6930,6931,validation
6931,6932,validation
6932,6933,validation
6933,6934,validation
6934,6935,validation
6935,6936,validation
6936,6937,validation
6937,6938,validation
6938,6939,validation
6939,6940,validation
6940,6941,validation
6941,6942,validation
6942,6943,validation
6943,6944,validation
6944,6945,validation
6945,6946,validation
6946,6947,validation
6947,6948,validation
6948,6949,validation
6949,6950,validation
6950,6951,validation
6951,6952,validation
6952,6953,validation
6953,6954,validation
6954,6955,validation
6955,6956,validation
6956,6957,validation
6957,6958,validation
6958,6959,validation
6959,6960,validation
6960,6961,validation
6961,6962,validation
6962,6963,validation
6963,6964,validation
6964,6965,validation
6965,6966,validation
6966,6967,validation
6967,6968,validation
6968,6969,validation
6969,6970,validation
6970,6971,validation
6971,6972,validation
6972,6973,validation
6973,6974,validation
6974,6975,validation
6975,6976,validation
6976,6977,validation
6977,6978,validation
6978,6979,validation
6979,6980,validation
6980,6981,validation
6981,6982,validation
6982,6983,validation
6983,6984,validation
6984,6985,validation
6985,6986,validation
6986,6987,validation
6987,6988,validation
6988,6989,validation
6989,6990,validation
6990,6991,validation
6991,6992,validation
6992,6993,validation
6993,6994,validation
6994,6995,validation
6995,6996,validation
6996,6997,validation
6997,6998,validation
6998,6999,validation
6999,7000,validation
7000,7001,validation
7001,7002,validation
7002,7003,validation
7003,7004,validation
7004,7005,validation
7005,7006,validation
7006,7007,validation
7007,7008,validation
7008,7009,validation
7009,7010,validation
7010,7011,validation
7011,7012,validation
7012,7013,validation
7013,7014,validation
7014,7015,validation
7015,7016,validation
7016,7017,validation
7017,7018,validation
7018,7019,validation
7019,7020,validation
7020,7021,validation
7021,7022,validation
7022,7023,validation
7023,7024,validation
7024,7025,validation
7025,7026,validation
7026,7027,validation
7027,7028,validation
7028,7029,validation
7029,7030,validation
7030,7031,validation
7031,7032,validation
7032,7033,validation
7033,7034,validation
7034,7035,validation
7035,7036,validation
7036,7037,validation
7037,7038,validation
7038,7039,validation
7039,7040,validation
7040,7041,validation
7041,7042,validation
7042,7043,validation
7043,7044,validation
7044,7045,validation
7045,7046,validation
7046,7047,validation
7047,7048,validation
7048,7049,validation
7049,7050,validation
7050,7051,validation
7051,7052,validation
7052,7053,validation
7053,7054,validation
7054,7055,validation
7055,7056,validation
7056,7057,validation
7057,7058,validation
7058,7059,validation
7059,7060,validation
7060,7061,validation
7061,7062,validation
7062,7063,validation
7063,7064,validation
7064,7065,validation
7065,7066,validation
7066,7067,validation
7067,7068,validation
7068,7069,validation
7069,7070,validation
7070,7071,validation
7071,7072,validation
7072,7073,validation
7073,7074,validation
7074,7075,validation
7075,7076,validation
7076,7077,validation
7077,7078,validation
7078,7079,validation
7079,7080,validation
7080,7081,validation
7081,7082,validation
7082,7083,validation
7083,7084,validation
7084,7085,validation
7085,7086,validation
7086,7087,validation
7087,7088,validation
7088,7089,validation
7089,7090,validation
7090,7091,validation
7091,7092,validation
7092,7093,validation
7093,7094,validation
7094,7095,validation
7095,7096,validation
7096,7097,validation
7097,7098,validation
7098,7099,validation
7099,7100,validation
7100,7101,validation
7101,7102,validation
7102,7103,validation
7103,7104,validation
7104,7105,validation
7105,7106,validation
7106,7107,validation
7107,7108,validation
7108,7109,validation
7109,7110,validation
7110,7111,validation
7111,7112,validation
7112,7113,validation
7113,7114,validation
7114,7115,validation
7115,7116,validation
7116,7117,validation
7117,7118,validation
7118,7119,validation
7119,7120,validation
7120,7121,validation
7121,7122,validation
7122,7123,validation
7123,7124,validation
7124,7125,validation
7125,7126,validation
7126,7127,validation
7127,7128,validation
7128,7129,validation
7129,7130,validation
7130,7131,validation
7131,7132,validation
7132,7133,validation
7133,7134,validation
7134,7135,validation
7135,7136,validation
7136,7137,validation
7137,7138,validation
7138,7139,validation
7139,7140,validation
7140,7141,validation
7141,7142,validation
7142,7143,validation
7143,7144,validation
7144,7145,validation
7145,7146,validation
7146,7147,validation
7147,7148,validation
7148,7149,validation
7149,7150,validation
7150,7151,validation
7151,7152,validation
7152,7153,validation
7153,7154,validation
7154,7155,validation
7155,7156,validation
7156,7157,validation
7157,7158,validation
7158,7159,validation
7159,7160,validation
7160,7161,validation
7161,7162,validation
7162,7163,validation
7163,7164,validation
7164,7165,validation
7165,7166,validation
7166,7167,validation
7167,7168,validation
7168,7169,validation
7169,7170,validation
7170,7171,validation
7171,7172,validation
7172,7173,validation
7173,7174,validation
7174,7175,validation
7175,7176,validation
7176,7177,validation
7177,7178,validation
7178,7179,validation
7179,7180,validation
7180,7181,validation
7181,7182,validation
7182,7183,validation
7183,7184,validation
7184,7185,validation
7185,7186,validation
7186,7187,validation
7187,7188,validation
7188,7189,validation
7189,7190,validation
7190,7191,validation
7191,7192,validation
7192,7193,validation
7193,7194,validation
7194,7195,validation
7195,7196,validation
7196,7197,validation
7197,7198,validation
7198,7199,validation
7199,7200,validation
7200,7201,validation
7201,7202,validation
7202,7203,validation
7203,7204,validation
7204,7205,validation
7205,7206,validation
7206,7207,validation
7207,7208,validation
7208,7209,validation
7209,7210,validation
7210,7211,validation
7211,7212,validation
7212,7213,validation
7213,7214,validation
7214,7215,validation
7215,7216,validation
7216,7217,validation
7217,7218,validation
7218,7219,validation
7219,7220,validation
7220,7221,validation
7221,7222,validation
7222,7223,validation
7223,7224,validation
7224,7225,validation
7225,7226,validation
7226,7227,validation
7227,7228,validation
7228,7229,validation
7229,7230,validation
7230,7231,validation
7231,7232,validation
7232,7233,validation
7233,7234,validation
7234,7235,validation
7235,7236,validation
7236,7237,validation
7237,7238,validation
7238,7239,validation
7239,7240,validation
7240,7241,validation
7241,7242,validation
7242,7243,validation
7243,7244,validation
7244,7245,validation
7245,7246,validation
7246,7247,validation
7247,7248,validation
7248,7249,validation
7249,7250,validation
7250,7251,validation
7251,7252,validation
7252,7253,validation
7253,7254,validation
7254,7255,validation
7255,7256,validation
7256,7257,validation
7257,7258,validation
7258,7259,validation
7259,7260,validation
7260,7261,validation
7261,7262,validation
7262,7263,validation
7263,7264,validation
7264,7265,validation
7265,7266,validation
7266,7267,validation
7267,7268,validation
7268,7269,validation
7269,7270,validation
7270,7271,validation
7271,7272,validation
7272,7273,validation
7273,7274,validation
7274,7275,validation
7275,7276,validation
7276,7277,validation
7277,7278,validation
7278,7279,validation
7279,7280,validation
7280,7281,validation
7281,7282,validation
7282,7283,validation
7283,7284,validation
7284,7285,validation
7285,7286,validation
7286,7287,validation
7287,7288,validation
7288,7289,validation
7289,7290,validation
7290,7291,validation
7291,7292,validation
7292,7293,validation
7293,7294,validation
7294,7295,validation
7295,7296,validation
7296,7297,validation
7297,7298,validation
7298,7299,validation
7299,7300,validation
7300,7301,validation
7301,7302,validation
7302,7303,validation
7303,7304,validation
7304,7305,validation
7305,7306,validation
7306,7307,validation
7307,7308,validation
7308,7309,validation
7309,7310,validation
7310,7311,validation
7311,7312,validation
7312,7313,validation
7313,7314,validation
7314,7315,validation
7315,7316,validation
7316,7317,validation
7317,7318,validation
7318,7319,validation
7319,7320,validation
7320,7321,validation
7321,7322,validation
7322,7323,validation
7323,7324,validation
7324,7325,validation
7325,7326,validation
7326,7327,validation
7327,7328,validation
7328,7329,validation
7329,7330,validation
7330,7331,validation
7331,7332,validation
7332,7333,validation
7333,7334,validation
7334,7335,validation
7335,7336,validation
7336,7337,validation
7337,7338,validation
7338,7339,validation
7339,7340,validation
7340,7341,validation
7341,7342,validation
7342,7343,validation
7343,7344,validation
7344,7345,validation
7345,7346,validation
7346,7347,validation
7347,7348,validation
7348,7349,validation
7349,7350,validation
7350,7351,validation
7351,7352,validation
7352,7353,validation
7353,7354,validation
7354,7355,validation
7355,7356,validation
7356,7357,validation
7357,7358,validation
7358,7359,validation
7359,7360,validation
7360,7361,validation
7361,7362,validation
7362,7363,validation
7363,7364,validation
7364,7365,validation
7365,7366,validation
7366,7367,validation
7367,7368,validation
7368,7369,validation
7369,7370,validation
7370,7371,validation
7371,7372,validation
7372,7373,validation
7373,7374,validation
7374,7375,validation
7375,7376,validation
7376,7377,validation
7377,7378,validation
7378,7379,validation
7379,7380,validation
7380,7381,validation
7381,7382,validation
7382,7383,validation
7383,7384,validation
7384,7385,validation
7385,7386,validation
7386,7387,validation
7387,7388,validation
7388,7389,validation
7389,7390,validation
7390,7391,validation
7391,7392,validation
7392,7393,validation
7393,7394,validation
7394,7395,validation
7395,7396,validation
7396,7397,validation
7397,7398,validation
7398,7399,validation
7399,7400,validation
7400,7401,validation
7401,7402,validation
7402,7403,validation
7403,7404,validation
7404,7405,validation
7405,7406,validation
7406,7407,validation
7407,7408,validation
7408,7409,validation
7409,7410,validation
7410,7411,validation
7411,7412,validation
7412,7413,validation
7413,7414,validation
7414,7415,validation
7415,7416,validation
7416,7417,validation
7417,7418,validation
7418,7419,validation
7419,7420,validation
7420,7421,validation
7421,7422,validation
7422,7423,validation
7423,7424,validation
7424,7425,validation
7425,7426,validation
7426,7427,validation
7427,7428,validation
7428,7429,validation
7429,7430,validation
7430,7431,validation
7431,7432,validation
7432,7433,validation
7433,7434,validation
7434,7435,validation
7435,7436,validation
7436,7437,validation
7437,7438,validation
7438,7439,validation
7439,7440,validation
7440,7441,validation
7441,7442,validation
7442,7443,validation
7443,7444,validation
7444,7445,validation
7445,7446,validation
7446,7447,validation
7447,7448,validation
7448,7449,validation
7449,7450,validation
7450,7451,validation
7451,7452,validation
7452,7453,validation
7453,7454,validation
7454,7455,validation
7455,7456,validation
7456,7457,validation
7457,7458,validation
7458,7459,validation
7459,7460,validation
7460,7461,validation
7461,7462,validation
7462,7463,validation
7463,7464,validation
7464,7465,validation
7465,7466,validation
7466,7467,validation
7467,7468,validation
7468,7469,validation
7469,7470,validation
7470,7471,validation
7471,7472,validation
7472,7473,validation
7473,7474,validation
7474,7475,validation
7475,7476,validation
7476,7477,validation
7477,7478,validation
7478,7479,validation
7479,7480,validation
7480,7481,validation
7481,7482,validation
7482,7483,validation
7483,7484,validation
7484,7485,validation
7485,7486,validation
7486,7487,validation
7487,7488,validation
7488,7489,validation
7489,7490,validation
7490,7491,validation
7491,7492,validation
7492,7493,validation
7493,7494,validation
7494,7495,validation
7495,7496,validation
7496,7497,validation
7497,7498,validation
7498,7499,validation
7499,7500,validation
7500,7501,validation
7501,7502,validation
7502,7503,validation
7503,7504,validation
7504,7505,validation
7505,7506,validation
7506,7507,validation
7507,7508,validation
7508,7509,validation
7509,7510,validation
7510,7511,validation
7511,7512,validation
7512,7513,validation
7513,7514,validation
7514,7515,validation
7515,7516,validation
7516,7517,validation
7517,7518,validation
7518,7519,validation
7519,7520,validation
7520,7521,validation
7521,7522,validation
7522,7523,validation
7523,7524,validation
7524,7525,validation
7525,7526,validation
7526,7527,validation
7527,7528,validation
7528,7529,validation
7529,7530,validation
7530,7531,validation
7531,7532,validation
7532,7533,validation
7533,7534,validation
7534,7535,validation
7535,7536,validation
7536,7537,validation
7537,7538,validation
7538,7539,validation
7539,7540,validation
7540,7541,validation
7541,7542,validation
7542,7543,validation
7543,7544,validation
7544,7545,validation
7545,7546,validation
7546,7547,validation
7547,7548,validation
7548,7549,validation
7549,7550,validation
7550,7551,validation
7551,7552,validation
7552,7553,validation
7553,7554,validation
7554,7555,validation
7555,7556,validation
7556,7557,validation
7557,7558,validation
7558,7559,validation
7559,7560,validation
7560,7561,validation
7561,7562,validation
7562,7563,validation
7563,7564,validation
7564,7565,validation
7565,7566,validation
7566,7567,validation
7567,7568,validation
7568,7569,validation
7569,7570,validation
7570,7571,validation
7571,7572,validation
7572,7573,validation
7573,7574,validation
7574,7575,validation
7575,7576,validation
7576,7577,validation
7577,7578,validation
7578,7579,validation
7579,7580,validation
7580,7581,validation
7581,7582,validation
7582,7583,validation
7583,7584,validation
7584,7585,validation
7585,7586,validation
7586,7587,validation
7587,7588,validation
7588,7589,validation
7589,7590,validation
7590,7591,validation
7591,7592,validation
7592,7593,validation
7593,7594,validation
7594,7595,validation
7595,7596,validation
7596,7597,validation
7597,7598,validation
7598,7599,validation
7599,7600,validation
7600,7601,validation
7601,7602,validation
7602,7603,validation
7603,7604,validation
7604,7605,validation
7605,7606,validation
7606,7607,validation
7607,7608,validation
7608,7609,validation
7609,7610,validation
7610,7611,validation
7611,7612,validation
7612,7613,validation
7613,7614,validation
7614,7615,validation
7615,7616,validation
7616,7617,validation
7617,7618,validation
7618,7619,validation
7619,7620,validation
7620,7621,validation
7621,7622,validation
7622,7623,validation
7623,7624,validation
7624,7625,validation
7625,7626,validation
7626,7627,validation
7627,7628,validation
7628,7629,validation
7629,7630,validation
7630,7631,validation
7631,7632,validation
7632,7633,validation
7633,7634,validation
7634,7635,validation
7635,7636,validation
7636,7637,validation
7637,7638,validation
7638,7639,validation
7639,7640,validation
7640,7641,validation
7641,7642,validation
7642,7643,validation
7643,7644,validation
7644,7645,validation
7645,7646,validation
7646,7647,validation
7647,7648,validation
7648,7649,validation
7649,7650,validation
7650,7651,validation
7651,7652,validation
7652,7653,validation
7653,7654,validation
7654,7655,validation
7655,7656,validation
7656,7657,validation
7657,7658,validation
7658,7659,validation
7659,7660,validation
7660,7661,validation
7661,7662,validation
7662,7663,validation
7663,7664,validation
7664,7665,validation
7665,7666,validation
7666,7667,validation
7667,7668,validation
7668,7669,validation
7669,7670,validation
7670,7671,validation
7671,7672,validation
7672,7673,validation
7673,7674,validation
7674,7675,validation
7675,7676,validation
7676,7677,validation
7677,7678,validation
7678,7679,validation
7679,7680,validation
7680,7681,validation
7681,7682,validation
7682,7683,validation
7683,7684,validation
7684,7685,validation
7685,7686,validation
7686,7687,validation
7687,7688,validation
7688,7689,validation
7689,7690,validation
7690,7691,validation
7691,7692,validation
7692,7693,validation
7693,7694,validation
7694,7695,validation
7695,7696,validation
7696,7697,validation
7697,7698,validation
7698,7699,validation
7699,7700,validation
7700,7701,validation
7701,7702,validation
7702,7703,validation
7703,7704,validation
7704,7705,validation
7705,7706,validation
7706,7707,validation
7707,7708,validation
7708,7709,validation
7709,7710,validation
7710,7711,validation
7711,7712,validation
7712,7713,validation
7713,7714,validation
7714,7715,validation
7715,7716,validation
7716,7717,validation
7717,7718,validation
7718,7719,validation
7719,7720,validation
7720,7721,validation
7721,7722,validation
7722,7723,validation
7723,7724,validation
7724,7725,validation
7725,7726,validation
7726,7727,validation
7727,7728,validation
7728,7729,validation
7729,7730,validation
7730,7731,validation
7731,7732,validation
7732,7733,validation
7733,7734,validation
7734,7735,validation
7735,7736,validation
7736,7737,validation
7737,7738,validation
7738,7739,validation
7739,7740,validation
7740,7741,validation
7741,7742,validation
7742,7743,validation
7743,7744,validation
7744,7745,validation
7745,7746,validation
7746,7747,validation
7747,7748,validation
7748,7749,validation
7749,7750,validation
7750,7751,validation
7751,7752,validation
7752,7753,validation
7753,7754,validation
7754,7755,validation
7755,7756,validation
7756,7757,validation
7757,7758,validation
7758,7759,validation
7759,7760,validation
7760,7761,validation
7761,7762,validation
7762,7763,validation
7763,7764,validation
7764,7765,validation
7765,7766,validation
7766,7767,validation
7767,7768,validation
7768,7769,validation
7769,7770,validation
7770,7771,validation
7771,7772,validation
7772,7773,validation
7773,7774,validation
7774,7775,validation
7775,7776,validation
7776,7777,validation
7777,7778,validation
7778,7779,validation
7779,7780,validation
7780,7781,validation
7781,7782,validation
7782,7783,validation
7783,7784,validation
7784,7785,validation
7785,7786,validation
7786,7787,validation
7787,7788,validation
7788,7789,validation
7789,7790,validation
7790,7791,validation
7791,7792,validation
7792,7793,validation
7793,7794,validation
7794,7795,validation
7795,7796,validation
7796,7797,validation
7797,7798,validation
7798,7799,validation
7799,7800,validation
7800,7801,validation
7801,7802,validation
7802,7803,validation
7803,7804,validation
7804,7805,validation
7805,7806,validation
7806,7807,validation
7807,7808,validation
7808,7809,validation
7809,7810,validation
7810,7811,validation
7811,7812,validation
7812,7813,validation
7813,7814,validation
7814,7815,validation
7815,7816,validation
7816,7817,validation
7817,7818,validation
7818,7819,validation
7819,7820,validation
7820,7821,validation
7821,7822,validation
7822,7823,validation
7823,7824,validation
7824,7825,validation
7825,7826,validation
7826,7827,validation
7827,7828,validation
7828,7829,validation
7829,7830,validation
7830,7831,validation
7831,7832,validation
7832,7833,validation
7833,7834,validation
7834,7835,validation
7835,7836,validation
7836,7837,validation
7837,7838,validation
7838,7839,validation
7839,7840,validation
7840,7841,validation
7841,7842,validation
7842,7843,validation
7843,7844,validation
7844,7845,validation
7845,7846,validation
7846,7847,validation
7847,7848,validation
7848,7849,validation
7849,7850,validation
7850,7851,validation
7851,7852,validation
7852,7853,validation
7853,7854,validation
7854,7855,validation
7855,7856,validation
7856,7857,validation
7857,7858,validation
7858,7859,validation
7859,7860,validation
7860,7861,validation
7861,7862,validation
7862,7863,validation
7863,7864,validation
7864,7865,validation
7865,7866,validation
7866,7867,validation
7867,7868,validation
7868,7869,validation
7869,7870,validation
7870,7871,validation
7871,7872,validation
7872,7873,validation
7873,7874,validation
7874,7875,validation
7875,7876,validation
7876,7877,validation
7877,7878,validation
7878,7879,validation
7879,7880,validation
7880,7881,validation
7881,7882,validation
7882,7883,validation
7883,7884,validation
7884,7885,validation
7885,7886,validation
7886,7887,validation
7887,7888,validation
7888,7889,validation
7889,7890,validation
7890,7891,validation
7891,7892,validation
7892,7893,validation
7893,7894,validation
7894,7895,validation
7895,7896,validation
7896,7897,validation
7897,7898,validation
7898,7899,validation
7899,7900,validation
7900,7901,validation
7901,7902,validation
7902,7903,validation
7903,7904,validation
7904,7905,validation
7905,7906,validation
7906,7907,validation
7907,7908,validation
7908,7909,validation
7909,7910,validation
7910,7911,validation
7911,7912,validation
7912,7913,validation
7913,7914,validation
7914,7915,validation
7915,7916,validation
7916,7917,validation
7917,7918,validation
7918,7919,validation
7919,7920,validation
7920,7921,validation
7921,7922,validation
7922,7923,validation
7923,7924,validation
7924,7925,validation
7925,7926,validation
7926,7927,validation
7927,7928,validation
7928,7929,validation
7929,7930,validation
7930,7931,validation
7931,7932,validation
7932,7933,validation
7933,7934,validation
7934,7935,validation
7935,7936,validation
7936,7937,validation
7937,7938,validation
7938,7939,validation
7939,7940,validation
7940,7941,validation
7941,7942,validation
7942,7943,validation
7943,7944,validation
7944,7945,validation
7945,7946,validation
7946,7947,validation
7947,7948,validation
7948,7949,validation
7949,7950,validation
7950,7951,validation
7951,7952,validation
7952,7953,validation
7953,7954,validation
7954,7955,validation
7955,7956,validation
7956,7957,validation
7957,7958,validation
7958,7959,validation
7959,7960,validation
7960,7961,validation
7961,7962,validation
7962,7963,validation
7963,7964,validation
7964,7965,validation
7965,7966,validation
7966,7967,validation
7967,7968,validation
7968,7969,validation
7969,7970,validation
7970,7971,validation
7971,7972,validation
7972,7973,validation
7973,7974,validation
7974,7975,validation
7975,7976,validation
7976,7977,validation
7977,7978,validation
7978,7979,validation
7979,7980,validation
7980,7981,validation
7981,7982,validation
7982,7983,validation
7983,7984,validation
7984,7985,validation
7985,7986,validation
7986,7987,validation
7987,7988,validation
7988,7989,validation
7989,7990,validation
7990,7991,validation
7991,7992,validation
7992,7993,validation
7993,7994,validation
7994,7995,validation
7995,7996,validation
7996,7997,validation
7997,7998,validation
7998,7999,validation
7999,8000,validation
8000,8001,test
8001,8002,test
8002,8003,test
8003,8004,test
8004,8005,test
8005,8006,test
8006,8007,test
8007,8008,test
8008,8009,test
8009,8010,test
8010,8011,test
8011,8012,test
8012,8013,test
8013,8014,test
8014,8015,test
8015,8016,test
8016,8017,test
8017,8018,test
8018,8019,test
8019,8020,test
8020,8021,test
8021,8022,test
8022,8023,test
8023,8024,test
8024,8025,test
8025,8026,test
8026,8027,test
8027,8028,test
8028,8029,test
8029,8030,test
8030,8031,test
8031,8032,test
8032,8033,test
8033,8034,test
8034,8035,test
8035,8036,test
8036,8037,test
8037,8038,test
8038,8039,test
8039,8040,test
8040,8041,test
8041,8042,test
8042,8043,test
8043,8044,test
8044,8045,test
8045,8046,test
8046,8047,test
8047,8048,test
8048,8049,test
8049,8050,test
8050,8051,test
8051,8052,test
8052,8053,test
8053,8054,test
8054,8055,test
8055,8056,test
8056,8057,test
8057,8058,test
8058,8059,test
8059,8060,test
8060,8061,test
8061,8062,test
8062,8063,test
8063,8064,test
8064,8065,test
8065,8066,test
8066,8067,test
8067,8068,test
8068,8069,test
8069,8070,test
8070,8071,test
8071,8072,test
8072,8073,test
8073,8074,test
8074,8075,test
8075,8076,test
8076,8077,test
8077,8078,test
8078,8079,test
8079,8080,test
8080,8081,test
8081,8082,test
8082,8083,test
8083,8084,test
8084,8085,test
8085,8086,test
8086,8087,test
8087,8088,test
8088,8089,test
8089,8090,test
8090,8091,test
8091,8092,test
8092,8093,test
8093,8094,test
8094,8095,test
8095,8096,test
8096,8097,test
8097,8098,test
8098,8099,test
8099,8100,test
8100,8101,test
8101,8102,test
8102,8103,test
8103,8104,test
8104,8105,test
8105,8106,test
8106,8107,test
8107,8108,test
8108,8109,test
8109,8110,test
8110,8111,test
8111,8112,test
8112,8113,test
8113,8114,test
8114,8115,test
8115,8116,test
8116,8117,test
8117,8118,test
8118,8119,test
8119,8120,test
8120,8121,test
8121,8122,test
8122,8123,test
8123,8124,test
8124,8125,test
8125,8126,test
8126,8127,test
8127,8128,test
8128,8129,test
8129,8130,test
8130,8131,test
8131,8132,test
8132,8133,test
8133,8134,test
8134,8135,test
8135,8136,test
8136,8137,test
8137,8138,test
8138,8139,test
8139,8140,test
8140,8141,test
8141,8142,test
8142,8143,test
8143,8144,test
8144,8145,test
8145,8146,test
8146,8147,test
8147,8148,test
8148,8149,test
8149,8150,test
8150,8151,test
8151,8152,test
8152,8153,test
8153,8154,test
8154,8155,test
8155,8156,test
8156,8157,test
8157,8158,test
8158,8159,test
8159,8160,test
8160,8161,test
8161,8162,test
8162,8163,test
8163,8164,test
8164,8165,test
8165,8166,test
8166,8167,test
8167,8168,test
8168,8169,test
8169,8170,test
8170,8171,test
8171,8172,test
8172,8173,test
8173,8174,test
8174,8175,test
8175,8176,test
8176,8177,test
8177,8178,test
8178,8179,test
8179,8180,test
8180,8181,test
8181,8182,test
8182,8183,test
8183,8184,test
8184,8185,test
8185,8186,test
8186,8187,test
8187,8188,test
8188,8189,test
8189,8190,test
8190,8191,test
8191,8192,test
8192,8193,test
8193,8194,test
8194,8195,test
8195,8196,test
8196,8197,test
8197,8198,test
8198,8199,test
8199,8200,test
8200,8201,test
8201,8202,test
8202,8203,test
8203,8204,test
8204,8205,test
8205,8206,test
8206,8207,test
8207,8208,test
8208,8209,test
8209,8210,test
8210,8211,test
8211,8212,test
8212,8213,test
8213,8214,test
8214,8215,test
8215,8216,test
8216,8217,test
8217,8218,test
8218,8219,test
8219,8220,test
8220,8221,test
8221,8222,test
8222,8223,test
8223,8224,test
8224,8225,test
8225,8226,test
8226,8227,test
8227,8228,test
8228,8229,test
8229,8230,test
8230,8231,test
8231,8232,test
8232,8233,test
8233,8234,test
8234,8235,test
8235,8236,test
8236,8237,test
8237,8238,test
8238,8239,test
8239,8240,test
8240,8241,test
8241,8242,test
8242,8243,test
8243,8244,test
8244,8245,test
8245,8246,test
8246,8247,test
8247,8248,test
8248,8249,test
8249,8250,test
8250,8251,test
8251,8252,test
8252,8253,test
8253,8254,test
8254,8255,test
8255,8256,test
8256,8257,test
8257,8258,test
8258,8259,test
8259,8260,test
8260,8261,test
8261,8262,test
8262,8263,test
8263,8264,test
8264,8265,test
8265,8266,test
8266,8267,test
8267,8268,test
8268,8269,test
8269,8270,test
8270,8271,test
8271,8272,test
8272,8273,test
8273,8274,test
8274,8275,test
8275,8276,test
8276,8277,test
8277,8278,test
8278,8279,test
8279,8280,test
8280,8281,test
8281,8282,test
8282,8283,test
8283,8284,test
8284,8285,test
8285,8286,test
8286,8287,test
8287,8288,test
8288,8289,test
8289,8290,test
8290,8291,test
8291,8292,test
8292,8293,test
8293,8294,test
8294,8295,test
8295,8296,test
8296,8297,test
8297,8298,test
8298,8299,test
8299,8300,test
8300,8301,test
8301,8302,test
8302,8303,test
8303,8304,test
8304,8305,test
8305,8306,test
8306,8307,test
8307,8308,test
8308,8309,test
8309,8310,test
8310,8311,test
8311,8312,test
8312,8313,test
8313,8314,test
8314,8315,test
8315,8316,test
8316,8317,test
8317,8318,test
8318,8319,test
8319,8320,test
8320,8321,test
8321,8322,test
8322,8323,test
8323,8324,test
8324,8325,test
8325,8326,test
8326,8327,test
8327,8328,test
8328,8329,test
8329,8330,test
8330,8331,test
8331,8332,test
8332,8333,test
8333,8334,test
8334,8335,test
8335,8336,test
8336,8337,test
8337,8338,test
8338,8339,test
8339,8340,test
8340,8341,test
8341,8342,test
8342,8343,test
8343,8344,test
8344,8345,test
8345,8346,test
8346,8347,test
8347,8348,test
8348,8349,test
8349,8350,test
8350,8351,test
8351,8352,test
8352,8353,test
8353,8354,test
8354,8355,test
8355,8356,test
8356,8357,test
8357,8358,test
8358,8359,test
8359,8360,test
8360,8361,test
8361,8362,test
8362,8363,test
8363,8364,test
8364,8365,test
8365,8366,test
8366,8367,test
8367,8368,test
8368,8369,test
8369,8370,test
8370,8371,test
8371,8372,test
8372,8373,test
8373,8374,test
8374,8375,test
8375,8376,test
8376,8377,test
8377,8378,test
8378,8379,test
8379,8380,test
8380,8381,test
8381,8382,test
8382,8383,test
8383,8384,test
8384,8385,test
8385,8386,test
8386,8387,test
8387,8388,test
8388,8389,test
8389,8390,test
8390,8391,test
8391,8392,test
8392,8393,test
8393,8394,test
8394,8395,test
8395,8396,test
8396,8397,test
8397,8398,test
8398,8399,test
8399,8400,test
8400,8401,test
8401,8402,test
8402,8403,test
8403,8404,test
8404,8405,test
8405,8406,test
8406,8407,test
8407,8408,test
8408,8409,test
8409,8410,test
8410,8411,test
8411,8412,test
8412,8413,test
8413,8414,test
8414,8415,test
8415,8416,test
8416,8417,test
8417,8418,test
8418,8419,test
8419,8420,test
8420,8421,test
8421,8422,test
8422,8423,test
8423,8424,test
8424,8425,test
8425,8426,test
8426,8427,test
8427,8428,test
8428,8429,test
8429,8430,test
8430,8431,test
8431,8432,test
8432,8433,test
8433,8434,test
8434,8435,test
8435,8436,test
8436,8437,test
8437,8438,test
8438,8439,test
8439,8440,test
8440,8441,test
8441,8442,test
8442,8443,test
8443,8444,test
8444,8445,test
8445,8446,test
8446,8447,test
8447,8448,test
8448,8449,test
8449,8450,test
8450,8451,test
8451,8452,test
8452,8453,test
8453,8454,test
8454,8455,test
8455,8456,test
8456,8457,test
8457,8458,test
8458,8459,test
8459,8460,test
8460,8461,test
8461,8462,test
8462,8463,test
8463,8464,test
8464,8465,test
8465,8466,test
8466,8467,test
8467,8468,test
8468,8469,test
8469,8470,test
8470,8471,test
8471,8472,test
8472,8473,test
8473,8474,test
8474,8475,test
8475,8476,test
8476,8477,test
8477,8478,test
8478,8479,test
8479,8480,test
8480,8481,test
8481,8482,test
8482,8483,test
8483,8484,test
8484,8485,test
8485,8486,test
8486,8487,test
8487,8488,test
8488,8489,test
8489,8490,test
8490,8491,test
8491,8492,test
8492,8493,test
8493,8494,test
8494,8495,test
8495,8496,test
8496,8497,test
8497,8498,test
8498,8499,test
8499,8500,test
8500,8501,test
8501,8502,test
8502,8503,test
8503,8504,test
8504,8505,test
8505,8506,test
8506,8507,test
8507,8508,test
8508,8509,test
8509,8510,test
8510,8511,test
8511,8512,test
8512,8513,test
8513,8514,test
8514,8515,test
8515,8516,test
8516,8517,test
8517,8518,test
8518,8519,test
8519,8520,test
8520,8521,test
8521,8522,test
8522,8523,test
8523,8524,test
8524,8525,test
8525,8526,test
8526,8527,test
8527,8528,test
8528,8529,test
8529,8530,test
8530,8531,test
8531,8532,test
8532,8533,test
8533,8534,test
8534,8535,test
8535,8536,test
8536,8537,test
8537,8538,test
8538,8539,test
8539,8540,test
8540,8541,test
8541,8542,test
8542,8543,test
8543,8544,test
8544,8545,test
8545,8546,test
8546,8547,test
8547,8548,test
8548,8549,test
8549,8550,test
8550,8551,test
8551,8552,test
8552,8553,test
8553,8554,test
8554,8555,test
8555,8556,test
8556,8557,test
8557,8558,test
8558,8559,test
8559,8560,test
8560,8561,test
8561,8562,test
8562,8563,test
8563,8564,test
8564,8565,test
8565,8566,test
8566,8567,test
8567,8568,test
8568,8569,test
8569,8570,test
8570,8571,test
8571,8572,test
8572,8573,test
8573,8574,test
8574,8575,test
8575,8576,test
8576,8577,test
8577,8578,test
8578,8579,test
8579,8580,test
8580,8581,test
8581,8582,test
8582,8583,test
8583,8584,test
8584,8585,test
8585,8586,test
8586,8587,test
8587,8588,test
8588,8589,test
8589,8590,test
8590,8591,test
8591,8592,test
8592,8593,test
8593,8594,test
8594,8595,test
8595,8596,test
8596,8597,test
8597,8598,test
8598,8599,test
8599,8600,test
8600,8601,test
8601,8602,test
8602,8603,test
8603,8604,test
8604,8605,test
8605,8606,test
8606,8607,test
8607,8608,test
8608,8609,test
8609,8610,test
8610,8611,test
8611,8612,test
8612,8613,test
8613,8614,test
8614,8615,test
8615,8616,test
8616,8617,test
8617,8618,test
8618,8619,test
8619,8620,test
8620,8621,test
8621,8622,test
8622,8623,test
8623,8624,test
8624,8625,test
8625,8626,test
8626,8627,test
8627,8628,test
8628,8629,test
8629,8630,test
8630,8631,test
8631,8632,test
8632,8633,test
8633,8634,test
8634,8635,test
8635,8636,test
8636,8637,test
8637,8638,test
8638,8639,test
8639,8640,test
8640,8641,test
8641,8642,test
8642,8643,test
8643,8644,test
8644,8645,test
8645,8646,test
8646,8647,test
8647,8648,test
8648,8649,test
8649,8650,test
8650,8651,test
8651,8652,test
8652,8653,test
8653,8654,test
8654,8655,test
8655,8656,test
8656,8657,test
8657,8658,test
8658,8659,test
8659,8660,test
8660,8661,test
8661,8662,test
8662,8663,test
8663,8664,test
8664,8665,test
8665,8666,test
8666,8667,test
8667,8668,test
8668,8669,test
8669,8670,test
8670,8671,test
8671,8672,test
8672,8673,test
8673,8674,test
8674,8675,test
8675,8676,test
8676,8677,test
8677,8678,test
8678,8679,test
8679,8680,test
8680,8681,test
8681,8682,test
8682,8683,test
8683,8684,test
8684,8685,test
8685,8686,test
8686,8687,test
8687,8688,test
8688,8689,test
8689,8690,test
8690,8691,test
8691,8692,test
8692,8693,test
8693,8694,test
8694,8695,test
8695,8696,test
8696,8697,test
8697,8698,test
8698,8699,test
8699,8700,test
8700,8701,test
8701,8702,test
8702,8703,test
8703,8704,test
8704,8705,test
8705,8706,test
8706,8707,test
8707,8708,test
8708,8709,test
8709,8710,test
8710,8711,test
8711,8712,test
8712,8713,test
8713,8714,test
8714,8715,test
8715,8716,test
8716,8717,test
8717,8718,test
8718,8719,test
8719,8720,test
8720,8721,test
8721,8722,test
8722,8723,test
8723,8724,test
8724,8725,test
8725,8726,test
8726,8727,test
8727,8728,test
8728,8729,test
8729,8730,test
8730,8731,test
8731,8732,test
8732,8733,test
8733,8734,test
8734,8735,test
8735,8736,test
8736,8737,test
8737,8738,test
8738,8739,test
8739,8740,test
8740,8741,test
8741,8742,test
8742,8743,test
8743,8744,test
8744,8745,test
8745,8746,test
8746,8747,test
8747,8748,test
8748,8749,test
8749,8750,test
8750,8751,test
8751,8752,test
8752,8753,test
8753,8754,test
8754,8755,test
8755,8756,test
8756,8757,test
8757,8758,test
8758,8759,test
8759,8760,test
8760,8761,test
8761,8762,test
8762,8763,test
8763,8764,test
8764,8765,test
8765,8766,test
8766,8767,test
8767,8768,test
8768,8769,test
8769,8770,test
8770,8771,test
8771,8772,test
8772,8773,test
8773,8774,test
8774,8775,test
8775,8776,test
8776,8777,test
8777,8778,test
8778,8779,test
8779,8780,test
8780,8781,test
8781,8782,test
8782,8783,test
8783,8784,test
8784,8785,test
8785,8786,test
8786,8787,test
8787,8788,test
8788,8789,test
8789,8790,test
8790,8791,test
8791,8792,test
8792,8793,test
8793,8794,test
8794,8795,test
8795,8796,test
8796,8797,test
8797,8798,test
8798,8799,test
8799,8800,test
8800,8801,test
8801,8802,test
8802,8803,test
8803,8804,test
8804,8805,test
8805,8806,test
8806,8807,test
8807,8808,test
8808,8809,test
8809,8810,test
8810,8811,test
8811,8812,test
8812,8813,test
8813,8814,test
8814,8815,test
8815,8816,test
8816,8817,test
8817,8818,test
8818,8819,test
8819,8820,test
8820,8821,test
8821,8822,test
8822,8823,test
8823,8824,test
8824,8825,test
8825,8826,test
8826,8827,test
8827,8828,test
8828,8829,test
8829,8830,test
8830,8831,test
8831,8832,test
8832,8833,test
8833,8834,test
8834,8835,test
8835,8836,test
8836,8837,test
8837,8838,test
8838,8839,test
8839,8840,test
8840,8841,test
8841,8842,test
8842,8843,test
8843,8844,test
8844,8845,test
8845,8846,test
8846,8847,test
8847,8848,test
8848,8849,test
8849,8850,test
8850,8851,test
8851,8852,test
8852,8853,test
8853,8854,test
8854,8855,test
8855,8856,test
8856,8857,test
8857,8858,test
8858,8859,test
8859,8860,test
8860,8861,test
8861,8862,test
8862,8863,test
8863,8864,test
8864,8865,test
8865,8866,test
8866,8867,test
8867,8868,test
8868,8869,test
8869,8870,test
8870,8871,test
8871,8872,test
8872,8873,test
8873,8874,test
8874,8875,test
8875,8876,test
8876,8877,test
8877,8878,test
8878,8879,test
8879,8880,test
8880,8881,test
8881,8882,test
8882,8883,test
8883,8884,test
8884,8885,test
8885,8886,test
8886,8887,test
8887,8888,test
8888,8889,test
8889,8890,test
8890,8891,test
8891,8892,test
8892,8893,test
8893,8894,test
8894,8895,test
8895,8896,test
8896,8897,test
8897,8898,test
8898,8899,test
8899,8900,test
8900,8901,test
8901,8902,test
8902,8903,test
8903,8904,test
8904,8905,test
8905,8906,test
8906,8907,test
8907,8908,test
8908,8909,test
8909,8910,test
8910,8911,test
8911,8912,test
8912,8913,test
8913,8914,test
8914,8915,test
8915,8916,test
8916,8917,test
8917,8918,test
8918,8919,test
8919,8920,test
8920,8921,test
8921,8922,test
8922,8923,test
8923,8924,test
8924,8925,test
8925,8926,test
8926,8927,test
8927,8928,test
8928,8929,test
8929,8930,test
8930,8931,test
8931,8932,test
8932,8933,test
8933,8934,test
8934,8935,test
8935,8936,test
8936,8937,test
8937,8938,test
8938,8939,test
8939,8940,test
8940,8941,test
8941,8942,test
8942,8943,test
8943,8944,test
8944,8945,test
8945,8946,test
8946,8947,test
8947,8948,test
8948,8949,test
8949,8950,test
8950,8951,test
8951,8952,test
8952,8953,test
8953,8954,test
8954,8955,test
8955,8956,test
8956,8957,test
8957,8958,test
8958,8959,test
8959,8960,test
8960,8961,test
8961,8962,test
8962,8963,test
8963,8964,test
8964,8965,test
8965,8966,test
8966,8967,test
8967,8968,test
8968,8969,test
8969,8970,test
8970,8971,test
8971,8972,test
8972,8973,test
8973,8974,test
8974,8975,test
8975,8976,test
8976,8977,test
8977,8978,test
8978,8979,test
8979,8980,test
8980,8981,test
8981,8982,test
8982,8983,test
8983,8984,test
8984,8985,test
8985,8986,test
8986,8987,test
8987,8988,test
8988,8989,test
8989,8990,test
8990,8991,test
8991,8992,test
8992,8993,test
8993,8994,test
8994,8995,test
8995,8996,test
8996,8997,test
8997,8998,test
8998,8999,test
8999,9000,test
9000,9001,test
9001,9002,test
9002,9003,test
9003,9004,test
9004,9005,test
9005,9006,test
9006,9007,test
9007,9008,test
9008,9009,test
9009,9010,test
9010,9011,test
9011,9012,test
9012,9013,test
9013,9014,test
9014,9015,test
9015,9016,test
9016,9017,test
9017,9018,test
9018,9019,test
9019,9020,test
9020,9021,test
9021,9022,test
9022,9023,test
9023,9024,test
9024,9025,test
9025,9026,test
9026,9027,test
9027,9028,test
9028,9029,test
9029,9030,test
9030,9031,test
9031,9032,test
9032,9033,test
9033,9034,test
9034,9035,test
9035,9036,test
9036,9037,test
9037,9038,test
9038,9039,test
9039,9040,test
9040,9041,test
9041,9042,test
9042,9043,test
9043,9044,test
9044,9045,test
9045,9046,test
9046,9047,test
9047,9048,test
9048,9049,test
9049,9050,test
9050,9051,test
9051,9052,test
9052,9053,test
9053,9054,test
9054,9055,test
9055,9056,test
9056,9057,test
9057,9058,test
9058,9059,test
9059,9060,test
9060,9061,test
9061,9062,test
9062,9063,test
9063,9064,test
9064,9065,test
9065,9066,test
9066,9067,test
9067,9068,test
9068,9069,test
9069,9070,test
9070,9071,test
9071,9072,test
9072,9073,test
9073,9074,test
9074,9075,test
9075,9076,test
9076,9077,test
9077,9078,test
9078,9079,test
9079,9080,test
9080,9081,test
9081,9082,test
9082,9083,test
9083,9084,test
9084,9085,test
9085,9086,test
9086,9087,test
9087,9088,test
9088,9089,test
9089,9090,test
9090,9091,test
9091,9092,test
9092,9093,test
9093,9094,test
9094,9095,test
9095,9096,test
9096,9097,test
9097,9098,test
9098,9099,test
9099,9100,test
9100,9101,test
9101,9102,test
9102,9103,test
9103,9104,test
9104,9105,test
9105,9106,test
9106,9107,test
9107,9108,test
9108,9109,test
9109,9110,test
9110,9111,test
9111,9112,test
9112,9113,test
9113,9114,test
9114,9115,test
9115,9116,test
9116,9117,test
9117,9118,test
9118,9119,test
9119,9120,test
9120,9121,test
9121,9122,test
9122,9123,test
9123,9124,test
9124,9125,test
9125,9126,test
9126,9127,test
9127,9128,test
9128,9129,test
9129,9130,test
9130,9131,test
9131,9132,test
9132,9133,test
9133,9134,test
9134,9135,test
9135,9136,test
9136,9137,test
9137,9138,test
9138,9139,test
9139,9140,test
9140,9141,test
9141,9142,test
9142,9143,test
9143,9144,test
9144,9145,test
9145,9146,test
9146,9147,test
9147,9148,test
9148,9149,test
9149,9150,test
9150,9151,test
9151,9152,test
9152,9153,test
9153,9154,test
9154,9155,test
9155,9156,test
9156,9157,test
9157,9158,test
9158,9159,test
9159,9160,test
9160,9161,test
9161,9162,test
9162,9163,test
9163,9164,test
9164,9165,test
9165,9166,test
9166,9167,test
9167,9168,test
9168,9169,test
9169,9170,test
9170,9171,test
9171,9172,test
9172,9173,test
9173,9174,test
9174,9175,test
9175,9176,test
9176,9177,test
9177,9178,test
9178,9179,test
9179,9180,test
9180,9181,test
9181,9182,test
9182,9183,test
9183,9184,test
9184,9185,test
9185,9186,test
9186,9187,test
9187,9188,test
9188,9189,test
9189,9190,test
9190,9191,test
9191,9192,test
9192,9193,test
9193,9194,test
9194,9195,test
9195,9196,test
9196,9197,test
9197,9198,test
9198,9199,test
9199,9200,test
9200,9201,test
9201,9202,test
9202,9203,test
9203,9204,test
9204,9205,test
9205,9206,test
9206,9207,test
9207,9208,test
9208,9209,test
9209,9210,test
9210,9211,test
9211,9212,test
9212,9213,test
9213,9214,test
9214,9215,test
9215,9216,test
9216,9217,test
9217,9218,test
9218,9219,test
9219,9220,test
9220,9221,test
9221,9222,test
9222,9223,test
9223,9224,test
9224,9225,test
9225,9226,test
9226,9227,test
9227,9228,test
9228,9229,test
9229,9230,test
9230,9231,test
9231,9232,test
9232,9233,test
9233,9234,test
9234,9235,test
9235,9236,test
9236,9237,test
9237,9238,test
9238,9239,test
9239,9240,test
9240,9241,test
9241,9242,test
9242,9243,test
9243,9244,test
9244,9245,test
9245,9246,test
9246,9247,test
9247,9248,test
9248,9249,test
9249,9250,test
9250,9251,test
9251,9252,test
9252,9253,test
9253,9254,test
9254,9255,test
9255,9256,test
9256,9257,test
9257,9258,test
9258,9259,test
9259,9260,test
9260,9261,test
9261,9262,test
9262,9263,test
9263,9264,test
9264,9265,test
9265,9266,test
9266,9267,test
9267,9268,test
9268,9269,test
9269,9270,test
9270,9271,test
9271,9272,test
9272,9273,test
9273,9274,test
9274,9275,test
9275,9276,test
9276,9277,test
9277,9278,test
9278,9279,test
9279,9280,test
9280,9281,test
9281,9282,test
9282,9283,test
9283,9284,test
9284,9285,test
9285,9286,test
9286,9287,test
9287,9288,test
9288,9289,test
9289,9290,test
9290,9291,test
9291,9292,test
9292,9293,test
9293,9294,test
9294,9295,test
9295,9296,test
9296,9297,test
9297,9298,test
9298,9299,test
9299,9300,test
9300,9301,test
9301,9302,test
9302,9303,test
9303,9304,test
9304,9305,test
9305,9306,test
9306,9307,test
9307,9308,test
9308,9309,test
9309,9310,test
9310,9311,test
9311,9312,test
9312,9313,test
9313,9314,test
9314,9315,test
9315,9316,test
9316,9317,test
9317,9318,test
9318,9319,test
9319,9320,test
9320,9321,test
9321,9322,test
9322,9323,test
9323,9324,test
9324,9325,test
9325,9326,test
9326,9327,test
9327,9328,test
9328,9329,test
9329,9330,test
9330,9331,test
9331,9332,test
9332,9333,test
9333,9334,test
9334,9335,test
9335,9336,test
9336,9337,test
9337,9338,test
9338,9339,test
9339,9340,test
9340,9341,test
9341,9342,test
9342,9343,test
9343,9344,test
9344,9345,test
9345,9346,test
9346,9347,test
9347,9348,test
9348,9349,test
9349,9350,test
9350,9351,test
9351,9352,test
9352,9353,test
9353,9354,test
9354,9355,test
9355,9356,test
9356,9357,test
9357,9358,test
9358,9359,test
9359,9360,test
9360,9361,test
9361,9362,test
9362,9363,test
9363,9364,test
9364,9365,test
9365,9366,test
9366,9367,test
9367,9368,test
9368,9369,test
9369,9370,test
9370,9371,test
9371,9372,test
9372,9373,test
9373,9374,test
9374,9375,test
9375,9376,test
9376,9377,test
9377,9378,test
9378,9379,test
9379,9380,test
9380,9381,test
9381,9382,test
9382,9383,test
9383,9384,test
9384,9385,test
9385,9386,test
9386,9387,test
9387,9388,test
9388,9389,test
9389,9390,test
9390,9391,test
9391,9392,test
9392,9393,test
9393,9394,test
9394,9395,test
9395,9396,test
9396,9397,test
9397,9398,test
9398,9399,test
9399,9400,test
9400,9401,test
9401,9402,test
9402,9403,test
9403,9404,test
9404,9405,test
9405,9406,test
9406,9407,test
9407,9408,test
9408,9409,test
9409,9410,test
9410,9411,test
9411,9412,test
9412,9413,test
9413,9414,test
9414,9415,test
9415,9416,test
9416,9417,test
9417,9418,test
9418,9419,test
9419,9420,test
9420,9421,test
9421,9422,test
9422,9423,test
9423,9424,test
9424,9425,test
9425,9426,test
9426,9427,test
9427,9428,test
9428,9429,test
9429,9430,test
9430,9431,test
9431,9432,test
9432,9433,test
9433,9434,test
9434,9435,test
9435,9436,test
9436,9437,test
9437,9438,test
9438,9439,test
9439,9440,test
9440,9441,test
9441,9442,test
9442,9443,test
9443,9444,test
9444,9445,test
9445,9446,test
9446,9447,test
9447,9448,test
9448,9449,test
9449,9450,test
9450,9451,test
9451,9452,test
9452,9453,test
9453,9454,test
9454,9455,test
9455,9456,test
9456,9457,test
9457,9458,test
9458,9459,test
9459,9460,test
9460,9461,test
9461,9462,test
9462,9463,test
9463,9464,test
9464,9465,test
9465,9466,test
9466,9467,test
9467,9468,test
9468,9469,test
9469,9470,test
9470,9471,test
9471,9472,test
9472,9473,test
9473,9474,test
9474,9475,test
9475,9476,test
9476,9477,test
9477,9478,test
9478,9479,test
9479,9480,test
9480,9481,test
9481,9482,test
9482,9483,test
9483,9484,test
9484,9485,test
9485,9486,test
9486,9487,test
9487,9488,test
9488,9489,test
9489,9490,test
9490,9491,test
9491,9492,test
9492,9493,test
9493,9494,test
9494,9495,test
9495,9496,test
9496,9497,test
9497,9498,test
9498,9499,test
9499,9500,test
9500,9501,test
9501,9502,test
9502,9503,test
9503,9504,test
9504,9505,test
9505,9506,test
9506,9507,test
9507,9508,test
9508,9509,test
9509,9510,test
9510,9511,test
9511,9512,test
9512,9513,test
9513,9514,test
9514,9515,test
9515,9516,test
9516,9517,test
9517,9518,test
9518,9519,test
9519,9520,test
9520,9521,test
9521,9522,test
9522,9523,test
9523,9524,test
9524,9525,test
9525,9526,test
9526,9527,test
9527,9528,test
9528,9529,test
9529,9530,test
9530,9531,test
9531,9532,test
9532,9533,test
9533,9534,test
9534,9535,test
9535,9536,test
9536,9537,test
9537,9538,test
9538,9539,test
9539,9540,test
9540,9541,test
9541,9542,test
9542,9543,test
9543,9544,test
9544,9545,test
9545,9546,test
9546,9547,test
9547,9548,test
9548,9549,test
9549,9550,test
9550,9551,test
9551,9552,test
9552,9553,test
9553,9554,test
9554,9555,test
9555,9556,test
9556,9557,test
9557,9558,test
9558,9559,test
9559,9560,test
9560,9561,test
9561,9562,test
9562,9563,test
9563,9564,test
9564,9565,test
9565,9566,test
9566,9567,test
9567,9568,test
9568,9569,test
9569,9570,test
9570,9571,test
9571,9572,test
9572,9573,test
9573,9574,test
9574,9575,test
9575,9576,test
9576,9577,test
9577,9578,test
9578,9579,test
9579,9580,test
9580,9581,test
9581,9582,test
9582,9583,test
9583,9584,test
9584,9585,test
9585,9586,test
9586,9587,test
9587,9588,test
9588,9589,test
9589,9590,test
9590,9591,test
9591,9592,test
9592,9593,test
9593,9594,test
9594,9595,test
9595,9596,test
9596,9597,test
9597,9598,test
9598,9599,test
9599,9600,test
9600,9601,test
9601,9602,test
9602,9603,test
9603,9604,test
9604,9605,test
9605,9606,test
9606,9607,test
9607,9608,test
9608,9609,test
9609,9610,test
9610,9611,test
9611,9612,test
9612,9613,test
9613,9614,test
9614,9615,test
9615,9616,test
9616,9617,test
9617,9618,test
9618,9619,test
9619,9620,test
9620,9621,test
9621,9622,test
9622,9623,test
9623,9624,test
9624,9625,test
9625,9626,test
9626,9627,test
9627,9628,test
9628,9629,test
9629,9630,test
9630,9631,test
9631,9632,test
9632,9633,test
9633,9634,test
9634,9635,test
9635,9636,test
9636,9637,test
9637,9638,test
9638,9639,test
9639,9640,test
9640,9641,test
9641,9642,test
9642,9643,test
9643,9644,test
9644,9645,test
9645,9646,test
9646,9647,test
9647,9648,test
9648,9649,test
9649,9650,test
9650,9651,test
9651,9652,test
9652,9653,test
9653,9654,test
9654,9655,test
9655,9656,test
9656,9657,test
9657,9658,test
9658,9659,test
9659,9660,test
9660,9661,test
9661,9662,test
9662,9663,test
9663,9664,test
9664,9665,test
9665,9666,test
9666,9667,test
9667,9668,test
9668,9669,test
9669,9670,test
9670,9671,test
9671,9672,test
9672,9673,test
9673,9674,test
9674,9675,test
9675,9676,test
9676,9677,test
9677,9678,test
9678,9679,test
9679,9680,test
9680,9681,test
9681,9682,test
9682,9683,test
9683,9684,test
9684,9685,test
9685,9686,test
9686,9687,test
9687,9688,test
9688,9689,test
9689,9690,test
9690,9691,test
9691,9692,test
9692,9693,test
9693,9694,test
9694,9695,test
9695,9696,test
9696,9697,test
9697,9698,test
9698,9699,test
9699,9700,test
9700,9701,test
9701,9702,test
9702,9703,test
9703,9704,test
9704,9705,test
9705,9706,test
9706,9707,test
9707,9708,test
9708,9709,test
9709,9710,test
9710,9711,test
9711,9712,test
9712,9713,test
9713,9714,test
9714,9715,test
9715,9716,test
9716,9717,test
9717,9718,test
9718,9719,test
9719,9720,test
9720,9721,test
9721,9722,test
9722,9723,test
9723,9724,test
9724,9725,test
9725,9726,test
9726,9727,test
9727,9728,test
9728,9729,test
9729,9730,test
9730,9731,test
9731,9732,test
9732,9733,test
9733,9734,test
9734,9735,test
9735,9736,test
9736,9737,test
9737,9738,test
9738,9739,test
9739,9740,test
9740,9741,test
9741,9742,test
9742,9743,test
9743,9744,test
9744,9745,test
9745,9746,test
9746,9747,test
9747,9748,test
9748,9749,test
9749,9750,test
9750,9751,test
9751,9752,test
9752,9753,test
9753,9754,test
9754,9755,test
9755,9756,test
9756,9757,test
9757,9758,test
9758,9759,test
9759,9760,test
9760,9761,test
9761,9762,test
9762,9763,test
9763,9764,test
9764,9765,test
9765,9766,test
9766,9767,test
9767,9768,test
9768,9769,test
9769,9770,test
9770,9771,test
9771,9772,test
9772,9773,test
9773,9774,test
9774,9775,test
9775,9776,test
9776,9777,test
9777,9778,test
9778,9779,test
9779,9780,test
9780,9781,test
9781,9782,test
9782,9783,test
9783,9784,test
9784,9785,test
9785,9786,test
9786,9787,test
9787,9788,test
9788,9789,test
9789,9790,test
9790,9791,test
9791,9792,test
9792,9793,test
9793,9794,test
9794,9795,test
9795,9796,test
9796,9797,test
9797,9798,test
9798,9799,test
9799,9800,test
9800,9801,test
9801,9802,test
9802,9803,test
9803,9804,test
9804,9805,test
9805,9806,test
9806,9807,test
9807,9808,test
9808,9809,test
9809,9810,test
9810,9811,test
9811,9812,test
9812,9813,test
9813,9814,test
9814,9815,test
9815,9816,test
9816,9817,test
9817,9818,test
9818,9819,test
9819,9820,test
9820,9821,test
9821,9822,test
9822,9823,test
9823,9824,test
9824,9825,test
9825,9826,test
9826,9827,test
9827,9828,test
9828,9829,test
9829,9830,test
9830,9831,test
9831,9832,test
9832,9833,test
9833,9834,test
9834,9835,test
9835,9836,test
9836,9837,test
9837,9838,test
9838,9839,test
9839,9840,test
9840,9841,test
9841,9842,test
9842,9843,test
9843,9844,test
9844,9845,test
9845,9846,test
9846,9847,test
9847,9848,test
9848,9849,test
9849,9850,test
9850,9851,test
9851,9852,test
9852,9853,test
9853,9854,test
9854,9855,test
9855,9856,test
9856,9857,test
9857,9858,test
9858,9859,test
9859,9860,test
9860,9861,test
9861,9862,test
9862,9863,test
9863,9864,test
9864,9865,test
9865,9866,test
9866,9867,test
9867,9868,test
9868,9869,test
9869,9870,test
9870,9871,test
9871,9872,test
9872,9873,test
9873,9874,test
9874,9875,test
9875,9876,test
9876,9877,test
9877,9878,test
9878,9879,test
9879,9880,test
9880,9881,test
9881,9882,test
9882,9883,test
9883,9884,test
9884,9885,test
9885,9886,test
9886,9887,test
9887,9888,test
9888,9889,test
9889,9890,test
9890,9891,test
9891,9892,test
9892,9893,test
9893,9894,test
9894,9895,test
9895,9896,test
9896,9897,test
9897,9898,test
9898,9899,test
9899,9900,test
9900,9901,test
9901,9902,test
9902,9903,test
9903,9904,test
9904,9905,test
9905,9906,test
9906,9907,test
9907,9908,test
9908,9909,test
9909,9910,test
9910,9911,test
9911,9912,test
9912,9913,test
9913,9914,test
9914,9915,test
9915,9916,test
9916,9917,test
9917,9918,test
9918,9919,test
9919,9920,test
9920,9921,test
9921,9922,test
9922,9923,test
9923,9924,test
9924,9925,test
9925,9926,test
9926,9927,test
9927,9928,test
9928,9929,test
9929,9930,test
9930,9931,test
9931,9932,test
9932,9933,test
9933,9934,test
9934,9935,test
9935,9936,test
9936,9937,test
9937,9938,test
9938,9939,test
9939,9940,test
9940,9941,test
9941,9942,test
9942,9943,test
9943,9944,test
9944,9945,test
9945,9946,test
9946,9947,test
9947,9948,test
9948,9949,test
9949,9950,test
9950,9951,test
9951,9952,test
9952,9953,test
9953,9954,test
9954,9955,test
9955,9956,test
9956,9957,test
9957,9958,test
9958,9959,test
9959,9960,test
9960,9961,test
9961,9962,test
9962,9963,test
9963,9964,test
9964,9965,test
9965,9966,test
9966,9967,test
9967,9968,test
9968,9969,test
9969,9970,test
9970,9971,test
9971,9972,test
9972,9973,test
9973,9974,test
9974,9975,test
9975,9976,test
9976,9977,test
9977,9978,test
9978,9979,test
9979,9980,test
9980,9981,test
9981,9982,test
9982,9983,test
9983,9984,test
9984,9985,test
9985,9986,test
9986,9987,test
9987,9988,test
9988,9989,test
9989,9990,test
9990,9991,test
9991,9992,test
9992,9993,test
9993,9994,test
9994,9995,test
9995,9996,test
9996,9997,test
9997,9998,test
9998,9999,test
9999,10000,test
